Energ_Kcal,Protein_(g),Carbohydrt_(g),Fiber_TD_(g),Sugar_Tot_(g),Calcium_(mg),Iron_(mg),Magnesium_(mg),Phosphorus_(mg),Potassium_(mg),Sodium_(mg),Zinc_(mg),Vit_C_(mg),Vit_A_RAE,Vit_K_(Âµg),user_id
114.40200000000002,11.2,26.0,5.6,5.0,200.0,1.6,62.0,140.0,940.0,460.0,1.6,15.0,140.0,0,Polonnaruwa_22
53.988,11.2,26.0,5.6,5.0,260.0,1.6,62.0,140.0,940.0,460.0,1.6,15.0,140.0,0,Colombo_48
55.986000000000004,11.2,26.0,5.6,5.0,200.0,1.6,62.0,140.0,940.0,460.0,1.6,15.0,140.0,0,Matara_47
104.716125,11.2,26.0,5.6,5.0,200.0,1.6,62.0,140.0,940.0,460.0,1.6,15.0,140.0,0,Kilinochchi_46
110.9885,11.2,26.0,5.6,5.0,200.0,1.6,62.0,140.0,940.0,460.0,1.6,15.0,140.0,0,Puttalam_29
74.84125,11.2,26.0,5.6,5.0,200.0,1.6,62.0,140.0,1316.0,276.0,1.6,15.0,140.0,0,Kurunegala_51
88.6825,11.2,26.0,5.6,5.0,200.0,1.6,62.0,140.0,940.0,460.0,1.6,15.0,140.0,0,Ampara_23
61.228750000000005,11.2,15.6,5.6,2.0,200.0,1.6,62.0,140.0,940.0,460.0,1.6,15.0,140.0,0,Kurunegala_49
115.178,11.2,26.0,5.6,5.0,200.0,1.6,62.0,140.0,940.0,460.0,1.6,15.0,140.0,0,Kilinochchi_21
73.86,11.2,26.0,5.6,5.0,200.0,1.6,62.0,140.0,940.0,460.0,1.6,15.0,140.0,0,Kilinochchi_47
90.37875,11.2,26.0,5.6,5.0,200.0,1.6,62.0,140.0,940.0,460.0,1.6,15.0,140.0,0,Galle_46
69.3,11.2,26.0,5.6,5.0,200.0,1.6,62.0,140.0,940.0,460.0,1.6,15.0,140.0,0,Kilinochchi_25
88.35775,11.2,26.0,5.6,5.0,200.0,1.6,62.0,140.0,940.0,460.0,1.6,15.0,140.0,0,Puttalam_40
58.548,11.2,26.0,5.6,5.0,200.0,1.6,62.0,140.0,940.0,460.0,1.6,15.0,140.0,0,Kurunegala_55
94.5155,11.2,26.0,5.6,5.0,200.0,1.6,62.0,140.0,940.0,460.0,1.6,15.0,140.0,0,Gampaha_24
100.316,11.2,15.6,5.6,2.0,200.0,1.6,62.0,140.0,940.0,460.0,1.6,15.0,140.0,0,Puttalam_42
61.38000000000001,11.2,26.0,5.6,5.0,200.0,3.2,62.0,140.0,940.0,460.0,1.6,15.0,140.0,0,Nuwara Eliya_51
115.80787500000001,11.2,26.0,5.6,5.0,200.0,1.6,62.0,140.0,940.0,460.0,1.6,15.0,140.0,0,Trincomalee_34
89.19625,11.2,26.0,5.6,5.0,200.0,1.6,62.0,140.0,940.0,460.0,1.6,15.0,140.0,0,Kurunegala_39
59.46875,11.2,26.0,5.6,5.0,200.0,1.6,62.0,140.0,940.0,460.0,1.6,15.0,140.0,0,Badulla_58
76.36800000000001,11.2,26.0,5.6,5.0,260.0,3.2,62.0,140.0,940.0,460.0,1.6,15.0,140.0,0,Badulla_41
70.104,11.2,26.0,5.6,5.0,200.0,1.6,62.0,140.0,940.0,460.0,1.6,15.0,140.0,0,Kegalle_52
57.61800000000001,11.2,26.0,5.6,5.0,200.0,1.6,62.0,140.0,940.0,460.0,1.6,15.0,140.0,0,Ampara_39
87.4475,11.2,26.0,5.6,5.0,200.0,1.6,62.0,140.0,940.0,460.0,1.6,15.0,140.0,0,Kalutara_31
66.51050000000001,11.2,26.0,5.6,5.0,200.0,1.6,62.0,140.0,940.0,460.0,1.6,15.0,140.0,0,Ratnapura_45
81.73,11.2,26.0,5.6,5.0,200.0,1.6,62.0,140.0,940.0,460.0,1.6,15.0,140.0,0,Matale_48
67.18937500000001,11.2,26.0,5.6,5.0,200.0,1.6,62.0,140.0,940.0,460.0,1.6,15.0,140.0,0,Polonnaruwa_18
58.098,11.2,26.0,5.6,5.0,200.0,1.6,62.0,140.0,940.0,460.0,1.6,15.0,140.0,0,Kandy_40
93.72075000000001,11.2,26.0,5.6,5.0,200.0,1.6,62.0,140.0,940.0,460.0,1.6,15.0,140.0,0,Mannar_23
62.7,11.2,26.0,5.6,5.0,200.0,1.6,62.0,140.0,940.0,460.0,1.6,15.0,140.0,0,Ratnapura_41
92.31800000000001,11.2,26.0,5.6,5.0,200.0,1.6,62.0,140.0,940.0,460.0,1.6,15.0,140.0,0,Monaragala_54
54.318000000000005,11.2,26.0,5.6,5.0,200.0,1.6,62.0,140.0,940.0,460.0,1.6,15.0,140.0,0,Ratnapura_41
80.06625,11.2,26.0,5.6,5.0,200.0,1.6,62.0,140.0,940.0,460.0,1.6,15.0,140.0,0,Jaffna_28
114.17775000000002,11.2,15.6,5.6,2.0,200.0,1.6,62.0,140.0,940.0,460.0,1.6,15.0,140.0,0,Gampaha_33
62.556000000000004,11.2,26.0,5.6,5.0,200.0,1.6,62.0,140.0,940.0,460.0,1.6,15.0,140.0,0,Puttalam_60
87.22625000000001,11.2,26.0,5.6,5.0,200.0,3.2,62.0,140.0,940.0,460.0,1.6,15.0,140.0,0,Polonnaruwa_39
56.088,11.2,26.0,5.6,5.0,200.0,1.6,62.0,140.0,940.0,460.0,1.6,15.0,140.0,0,Gampaha_51
55.044,11.2,26.0,5.6,5.0,200.0,1.6,62.0,140.0,940.0,460.0,1.6,15.0,140.0,0,Mullaitivu_43
71.328125,11.2,26.0,5.6,5.0,200.0,1.6,62.0,140.0,940.0,460.0,1.6,15.0,140.0,0,Kegalle_34
54.474000000000004,11.2,26.0,5.6,5.0,200.0,1.6,62.0,140.0,940.0,460.0,1.6,15.0,140.0,0,Polonnaruwa_39
82.687875,11.2,26.0,5.6,5.0,200.0,1.6,62.0,140.0,940.0,460.0,1.6,15.0,140.0,0,Anuradhapura_38
104.68700000000001,11.2,26.0,5.6,5.0,200.0,1.6,62.0,140.0,940.0,460.0,1.6,15.0,140.0,0,Mannar_34
76.60100000000001,11.2,26.0,5.6,5.0,200.0,1.6,62.0,140.0,940.0,460.0,1.6,15.0,140.0,0,Gampaha_23
67.2,11.2,26.0,5.6,5.0,200.0,1.6,62.0,140.0,940.0,460.0,1.6,15.0,140.0,0,Kilinochchi_54
109.89975000000001,11.2,26.0,5.6,5.0,200.0,1.6,62.0,140.0,940.0,460.0,1.6,15.0,140.0,0,Colombo_18
64.66600000000001,11.2,26.0,5.6,5.0,200.0,1.6,62.0,140.0,940.0,460.0,1.6,15.0,140.0,0,Colombo_53
51.93000000000001,11.2,26.0,5.6,5.0,200.0,1.6,62.0,140.0,940.0,460.0,1.6,15.0,140.0,0,Puttalam_46
79.67775,11.2,26.0,5.6,5.0,200.0,1.6,62.0,140.0,1316.0,276.0,1.6,15.0,140.0,0,Mannar_47
63.971875,11.2,26.0,5.6,5.0,200.0,1.6,62.0,140.0,940.0,460.0,1.6,15.0,140.0,0,Matara_52
66.20625,11.2,26.0,5.6,5.0,200.0,1.6,62.0,140.0,940.0,460.0,1.6,15.0,140.0,0,Matara_43
105.40612500000002,11.2,26.0,5.6,5.0,200.0,1.6,62.0,140.0,940.0,460.0,1.6,15.0,140.0,0,Ampara_40
74.712,11.2,26.0,5.6,5.0,200.0,1.6,62.0,140.0,940.0,460.0,1.6,15.0,140.0,0,Polonnaruwa_36
74.244,11.2,15.6,5.6,2.0,200.0,1.6,62.0,140.0,940.0,460.0,1.6,15.0,140.0,0,Matale_64
66.3245,11.2,26.0,5.6,5.0,200.0,1.6,62.0,140.0,940.0,460.0,1.6,15.0,140.0,0,Matara_56
71.827,11.2,26.0,5.6,5.0,260.0,1.6,62.0,140.0,940.0,460.0,1.6,15.0,140.0,0,Hambantota_45
107.23675,11.2,26.0,5.6,5.0,200.0,1.6,62.0,140.0,940.0,460.0,1.6,15.0,140.0,0,Ratnapura_24
77.63175000000001,11.2,26.0,5.6,5.0,200.0,1.6,62.0,140.0,940.0,460.0,1.6,15.0,140.0,0,Kegalle_26
103.59487500000003,11.2,26.0,5.6,5.0,200.0,1.6,62.0,140.0,1316.0,276.0,1.6,15.0,140.0,0,Monaragala_51
92.14750000000001,11.2,26.0,5.6,5.0,200.0,1.6,62.0,140.0,940.0,460.0,1.6,15.0,140.0,0,Anuradhapura_19
84.074375,11.2,26.0,5.6,5.0,260.0,1.6,62.0,140.0,940.0,460.0,1.6,15.0,140.0,0,Galle_50
105.11749999999999,11.2,26.0,5.6,5.0,200.0,1.6,62.0,140.0,940.0,460.0,1.6,15.0,140.0,0,Puttalam_32
96.60862500000002,11.2,26.0,5.6,5.0,200.0,1.6,62.0,140.0,940.0,460.0,1.6,15.0,140.0,0,Matara_28
64.4955,11.2,26.0,5.6,5.0,200.0,1.6,62.0,140.0,940.0,460.0,1.6,15.0,140.0,0,Polonnaruwa_45
116.242,11.2,26.0,5.6,5.0,200.0,1.6,62.0,140.0,940.0,460.0,1.6,15.0,140.0,0,Kalutara_33
98.74762500000001,11.2,26.0,5.6,5.0,200.0,1.6,62.0,140.0,940.0,460.0,1.6,15.0,140.0,0,Gampaha_41
81.18,11.2,26.0,5.6,5.0,200.0,1.6,62.0,140.0,940.0,460.0,1.6,15.0,140.0,0,Kandy_42
76.113125,11.2,26.0,5.6,5.0,200.0,1.6,62.0,140.0,940.0,460.0,1.6,15.0,140.0,0,Kilinochchi_54
62.294375,11.2,26.0,5.6,5.0,200.0,1.6,62.0,140.0,940.0,460.0,1.6,15.0,140.0,0,Nuwara Eliya_55
54.443999999999996,11.2,26.0,5.6,5.0,200.0,1.6,62.0,140.0,940.0,460.0,1.6,15.0,140.0,0,Mullaitivu_59
48.522000000000006,11.2,26.0,5.6,5.0,200.0,1.6,62.0,140.0,940.0,460.0,1.6,15.0,140.0,0,Matara_51
62.79625000000001,11.2,26.0,5.6,5.0,200.0,1.6,62.0,140.0,940.0,460.0,1.6,15.0,140.0,0,Matale_45
107.02700000000002,11.2,26.0,5.6,5.0,200.0,1.6,62.0,140.0,940.0,460.0,1.6,15.0,140.0,0,Mannar_32
76.53825,11.2,26.0,5.6,5.0,200.0,1.6,62.0,140.0,940.0,460.0,1.6,15.0,140.0,0,Mannar_27
93.37425000000002,11.2,26.0,5.6,5.0,200.0,1.6,62.0,140.0,940.0,460.0,1.6,15.0,140.0,0,Trincomalee_27
103.81912500000001,11.2,26.0,5.6,5.0,200.0,1.6,62.0,140.0,940.0,460.0,1.6,15.0,140.0,0,Mullaitivu_26
91.35700000000001,11.2,26.0,5.6,5.0,200.0,1.6,62.0,140.0,940.0,460.0,1.6,15.0,140.0,0,Badulla_31
104.819625,11.2,26.0,5.6,5.0,200.0,1.6,62.0,140.0,940.0,460.0,1.6,15.0,140.0,0,Anuradhapura_33
64.11575,11.2,26.0,5.6,5.0,200.0,1.6,62.0,140.0,1316.0,276.0,1.6,15.0,140.0,0,Monaragala_48
99.99825000000001,11.2,26.0,5.6,5.0,200.0,1.6,62.0,140.0,940.0,460.0,1.6,15.0,140.0,0,Kegalle_35
106.15175000000002,11.2,26.0,5.6,5.0,200.0,1.6,62.0,140.0,940.0,460.0,1.6,15.0,140.0,0,Nuwara Eliya_29
90.92300000000002,11.2,26.0,5.6,5.0,200.0,1.6,62.0,140.0,940.0,460.0,1.6,15.0,140.0,0,Anuradhapura_55
101.1375,11.2,26.0,5.6,5.0,200.0,1.6,62.0,140.0,940.0,460.0,1.6,15.0,140.0,0,Badulla_33
126.26450000000003,11.2,26.0,5.6,5.0,200.0,1.6,62.0,140.0,940.0,460.0,1.6,15.0,140.0,0,Batticaloa_27
102.96525,11.2,26.0,5.6,5.0,200.0,1.6,62.0,140.0,940.0,460.0,1.6,15.0,140.0,0,Vavuniya_39
83.71000000000001,11.2,26.0,5.6,5.0,200.0,1.6,62.0,140.0,940.0,460.0,1.6,15.0,140.0,0,Gampaha_39
65.01,11.2,26.0,5.6,5.0,200.0,1.6,62.0,140.0,940.0,460.0,1.6,15.0,140.0,0,Galle_42
95.98375000000001,11.2,26.0,5.6,5.0,200.0,1.6,62.0,140.0,940.0,460.0,1.6,15.0,140.0,0,Trincomalee_45
68.0915,11.2,26.0,5.6,5.0,200.0,1.6,62.0,140.0,940.0,460.0,1.6,15.0,140.0,0,Nuwara Eliya_45
55.44,11.2,26.0,5.6,5.0,200.0,1.6,62.0,140.0,940.0,460.0,1.6,15.0,140.0,0,Kilinochchi_63
96.04575000000001,11.2,26.0,5.6,5.0,200.0,1.6,62.0,140.0,940.0,460.0,1.6,15.0,140.0,0,Monaragala_33
55.830000000000005,11.2,26.0,5.6,5.0,200.0,1.6,62.0,140.0,940.0,460.0,1.6,15.0,140.0,0,Ratnapura_39
75.414,11.2,26.0,5.6,5.0,200.0,1.6,62.0,140.0,940.0,460.0,1.6,15.0,140.0,0,Kurunegala_58
51.702,11.2,26.0,5.6,5.0,200.0,1.6,62.0,140.0,940.0,460.0,1.6,15.0,140.0,0,Gampaha_62
70.897,11.2,26.0,5.6,5.0,200.0,1.6,62.0,140.0,940.0,460.0,1.6,15.0,140.0,0,Kandy_33
97.72125000000001,11.2,26.0,5.6,5.0,260.0,1.6,62.0,140.0,940.0,460.0,1.6,15.0,140.0,0,Matara_24
112.89262500000002,11.2,26.0,5.6,5.0,200.0,1.6,62.0,140.0,940.0,460.0,1.6,15.0,140.0,0,Jaffna_29
69.67125000000001,11.2,26.0,5.6,5.0,200.0,1.6,62.0,140.0,940.0,460.0,1.6,15.0,140.0,0,Trincomalee_47
77.31625,11.2,15.6,5.6,2.0,200.0,1.6,62.0,140.0,940.0,460.0,1.6,15.0,140.0,0,Badulla_46
98.43275,11.2,26.0,5.6,5.0,200.0,1.6,62.0,140.0,940.0,460.0,1.6,15.0,140.0,0,Vavuniya_34
49.512,11.2,26.0,5.6,5.0,260.0,1.6,62.0,140.0,940.0,460.0,1.6,15.0,140.0,0,Ratnapura_46
74.31187500000001,11.2,26.0,5.6,5.0,200.0,3.2,62.0,140.0,940.0,460.0,1.6,15.0,140.0,0,Jaffna_35
111.6345,11.2,26.0,5.6,5.0,200.0,1.6,62.0,140.0,940.0,460.0,1.6,15.0,140.0,0,Mullaitivu_24
81.07275,11.2,26.0,5.6,5.0,200.0,1.6,62.0,140.0,940.0,460.0,1.6,15.0,140.0,0,Polonnaruwa_25
106.92675000000001,11.2,26.0,5.6,5.0,200.0,1.6,62.0,140.0,940.0,460.0,1.6,15.0,140.0,0,Colombo_29
53.436,11.2,26.0,5.6,5.0,200.0,1.6,62.0,140.0,940.0,460.0,1.6,15.0,140.0,0,Ratnapura_41
67.12750000000001,11.2,26.0,5.6,5.0,200.0,1.6,62.0,140.0,940.0,460.0,1.6,15.0,140.0,0,Mannar_34
53.45399999999999,11.2,26.0,5.6,5.0,200.0,1.6,62.0,140.0,940.0,460.0,1.6,15.0,140.0,0,Gampaha_45
109.98150000000001,11.2,26.0,5.6,5.0,200.0,1.6,62.0,140.0,940.0,460.0,1.6,15.0,140.0,0,Matara_34
119.19649999999999,11.2,26.0,5.6,5.0,200.0,1.6,62.0,140.0,940.0,460.0,1.6,15.0,140.0,0,Polonnaruwa_20
72.54,11.2,26.0,5.6,5.0,200.0,1.6,62.0,140.0,940.0,460.0,1.6,15.0,140.0,0,Hambantota_55
95.209,11.2,26.0,5.6,5.0,200.0,1.6,62.0,140.0,940.0,460.0,1.6,15.0,140.0,0,Ratnapura_19
81.42150000000001,11.2,26.0,5.6,5.0,260.0,1.6,62.0,140.0,940.0,460.0,1.6,15.0,140.0,0,Vavuniya_35
83.30887500000001,11.2,26.0,5.6,5.0,200.0,1.6,62.0,140.0,940.0,460.0,1.6,15.0,140.0,0,Mullaitivu_34
99.665,11.2,26.0,5.6,5.0,200.0,1.6,62.0,140.0,940.0,460.0,1.6,15.0,140.0,0,Nuwara Eliya_22
55.536,11.2,15.6,5.6,2.0,200.0,1.6,62.0,140.0,1316.0,276.0,1.6,15.0,140.0,0,Kilinochchi_52
76.968,11.2,26.0,5.6,5.0,200.0,1.6,62.0,140.0,940.0,460.0,1.6,15.0,140.0,0,Vavuniya_35
88.93125,11.2,26.0,5.6,5.0,200.0,1.6,62.0,140.0,940.0,460.0,1.6,15.0,140.0,0,Badulla_32
100.37800000000001,11.2,26.0,5.6,5.0,200.0,1.6,62.0,140.0,940.0,460.0,1.6,15.0,140.0,0,Badulla_35
67.98,11.2,26.0,5.6,5.0,200.0,1.6,62.0,140.0,940.0,460.0,1.6,15.0,140.0,0,Batticaloa_55
95.39475000000002,11.2,26.0,5.6,5.0,200.0,1.6,62.0,140.0,940.0,460.0,1.6,15.0,140.0,0,Monaragala_37
79.949375,11.2,26.0,5.6,5.0,200.0,1.6,62.0,140.0,940.0,460.0,1.6,15.0,140.0,0,Ratnapura_39
66.64225000000002,11.2,26.0,5.6,5.0,200.0,1.6,62.0,140.0,940.0,460.0,1.6,15.0,140.0,0,Ampara_41
111.95250000000001,11.2,26.0,5.6,5.0,200.0,1.6,62.0,140.0,940.0,460.0,1.6,15.0,140.0,0,Monaragala_24
47.772000000000006,11.2,26.0,5.6,5.0,200.0,1.6,62.0,140.0,1316.0,276.0,1.6,15.0,140.0,0,Galle_54
75.69300000000001,11.2,26.0,5.6,5.0,200.0,1.6,62.0,140.0,940.0,460.0,1.6,15.0,140.0,0,Kandy_34
81.16575,11.2,26.0,5.6,5.0,200.0,1.6,62.0,140.0,940.0,460.0,1.6,15.0,140.0,0,Kalutara_27
92.60662500000001,11.2,26.0,5.6,5.0,200.0,1.6,62.0,140.0,940.0,460.0,1.6,15.0,140.0,0,Anuradhapura_41
71.61337499999999,11.2,26.0,5.6,5.0,200.0,1.6,62.0,140.0,1316.0,276.0,1.6,15.0,140.0,0,Matara_52
65.14750000000001,11.2,26.0,5.6,5.0,200.0,1.6,62.0,140.0,940.0,460.0,1.6,15.0,140.0,0,Batticaloa_41
66.24600000000001,11.2,26.0,5.6,5.0,200.0,1.6,62.0,140.0,940.0,460.0,1.6,15.0,140.0,0,Colombo_62
109.425375,11.2,26.0,5.6,5.0,200.0,1.6,62.0,140.0,940.0,460.0,1.6,15.0,140.0,0,Colombo_27
81.12675,11.2,26.0,5.6,5.0,200.0,1.6,62.0,140.0,940.0,460.0,1.6,15.0,140.0,0,Matale_28
51.138000000000005,11.2,26.0,5.6,5.0,200.0,1.6,62.0,140.0,940.0,460.0,1.6,15.0,140.0,0,Matale_55
72.72600000000001,11.2,26.0,5.6,5.0,200.0,1.6,62.0,140.0,940.0,460.0,1.6,15.0,140.0,0,Vavuniya_26
113.76225000000002,11.2,26.0,5.6,5.0,200.0,1.6,62.0,140.0,940.0,460.0,1.6,15.0,140.0,0,Kegalle_19
53.611250000000005,11.2,26.0,5.6,5.0,200.0,1.6,62.0,140.0,940.0,460.0,1.6,15.0,140.0,0,Trincomalee_58
118.36950000000002,11.2,26.0,5.6,5.0,200.0,1.6,62.0,140.0,940.0,460.0,1.6,15.0,140.0,0,Monaragala_18
94.7055,11.2,26.0,5.6,5.0,200.0,1.6,62.0,140.0,940.0,460.0,1.6,15.0,140.0,0,Trincomalee_33
76.974,11.2,26.0,5.6,5.0,200.0,1.6,62.0,140.0,940.0,460.0,1.6,15.0,140.0,0,Monaragala_52
92.62025,11.2,26.0,5.6,5.0,200.0,1.6,62.0,140.0,940.0,460.0,1.6,15.0,140.0,0,Batticaloa_21
60.114,11.2,26.0,5.6,5.0,200.0,1.6,62.0,140.0,940.0,460.0,1.6,15.0,140.0,0,Monaragala_51
102.60300000000002,11.2,26.0,5.6,5.0,200.0,1.6,62.0,140.0,1316.0,276.0,1.6,15.0,140.0,0,Kalutara_44
76.9175,11.2,26.0,5.6,5.0,200.0,1.6,62.0,140.0,940.0,460.0,1.6,15.0,140.0,0,Kegalle_38
100.53850000000001,11.2,26.0,5.6,5.0,200.0,1.6,62.0,140.0,940.0,460.0,1.6,15.0,140.0,0,Kilinochchi_21
82.56075000000001,11.2,15.6,5.6,2.0,260.0,1.6,62.0,140.0,940.0,460.0,1.6,15.0,140.0,0,Kegalle_58
82.23075000000001,11.2,26.0,5.6,5.0,200.0,1.6,62.0,140.0,940.0,460.0,1.6,15.0,140.0,0,Mullaitivu_29
86.879625,11.2,26.0,5.6,5.0,200.0,1.6,62.0,140.0,940.0,460.0,1.6,15.0,140.0,0,Trincomalee_34
79.05775,11.2,26.0,5.6,5.0,200.0,1.6,62.0,140.0,940.0,460.0,1.6,15.0,140.0,0,Ampara_45
73.164,11.2,26.0,5.6,5.0,260.0,1.6,62.0,140.0,940.0,460.0,1.6,15.0,140.0,0,Mannar_65
52.080000000000005,11.2,15.6,5.6,2.0,200.0,1.6,62.0,140.0,940.0,460.0,1.6,15.0,140.0,0,Monaragala_57
88.46625,11.2,26.0,5.6,5.0,200.0,1.6,62.0,140.0,940.0,460.0,1.6,15.0,140.0,0,Nuwara Eliya_30
90.92875000000001,11.2,26.0,5.6,5.0,200.0,1.6,62.0,140.0,940.0,460.0,1.6,15.0,140.0,0,Matale_27
62.651875000000004,11.2,26.0,5.6,5.0,200.0,1.6,62.0,140.0,940.0,460.0,1.6,15.0,140.0,0,Ratnapura_28
99.864,11.2,26.0,5.6,5.0,200.0,1.6,62.0,140.0,940.0,460.0,1.6,15.0,140.0,0,Kandy_20
68.30075000000001,11.2,26.0,5.6,5.0,200.0,1.6,62.0,140.0,940.0,460.0,1.6,15.0,140.0,0,Galle_34
71.268,11.2,26.0,5.6,5.0,200.0,1.6,62.0,140.0,940.0,460.0,1.6,15.0,140.0,0,Kalutara_37
60.03937500000001,11.2,26.0,5.6,5.0,200.0,1.6,62.0,140.0,940.0,460.0,1.6,15.0,140.0,0,Mannar_52
98.9615,11.2,26.0,5.6,5.0,200.0,1.6,62.0,140.0,940.0,460.0,1.6,15.0,140.0,0,Kegalle_28
83.70562500000001,11.2,26.0,5.6,5.0,200.0,1.6,62.0,140.0,940.0,460.0,1.6,15.0,140.0,0,Kurunegala_30
62.85600000000001,11.2,26.0,5.6,5.0,200.0,1.6,62.0,140.0,940.0,460.0,1.6,15.0,140.0,0,Mannar_50
60.240750000000006,11.2,26.0,5.6,5.0,200.0,1.6,62.0,140.0,940.0,460.0,1.6,15.0,140.0,0,Jaffna_33
53.07000000000001,11.2,26.0,5.6,5.0,200.0,1.6,62.0,140.0,940.0,460.0,1.6,15.0,140.0,0,Kegalle_41
69.21000000000001,11.2,26.0,5.6,5.0,200.0,1.6,62.0,140.0,940.0,460.0,1.6,15.0,140.0,0,Mannar_50
68.05275,11.2,15.6,5.6,2.0,200.0,1.6,62.0,140.0,940.0,460.0,1.6,15.0,140.0,0,Vavuniya_21
69.80187500000001,11.2,26.0,5.6,5.0,200.0,1.6,62.0,140.0,940.0,460.0,1.6,15.0,140.0,0,Vavuniya_53
63.186000000000014,11.2,26.0,5.6,5.0,200.0,1.6,62.0,140.0,940.0,460.0,1.6,15.0,140.0,0,Hambantota_40
90.13125,11.2,26.0,5.6,5.0,200.0,1.6,62.0,140.0,940.0,460.0,1.6,15.0,140.0,0,Mullaitivu_26
83.4765,11.2,26.0,5.6,5.0,200.0,1.6,62.0,140.0,940.0,460.0,1.6,15.0,140.0,0,Ampara_22
84.2325,11.2,15.6,5.6,2.0,200.0,1.6,62.0,140.0,940.0,460.0,1.6,15.0,140.0,0,Polonnaruwa_45
111.63337500000003,11.2,26.0,5.6,5.0,200.0,1.6,62.0,140.0,940.0,460.0,1.6,15.0,140.0,0,Ampara_28
60.809375,11.2,26.0,5.6,5.0,200.0,1.6,62.0,140.0,940.0,460.0,1.6,15.0,140.0,0,Ratnapura_26
117.22999999999999,11.2,26.0,5.6,5.0,200.0,1.6,62.0,140.0,940.0,460.0,1.6,15.0,140.0,0,Kilinochchi_28
57.24125,11.2,26.0,5.6,5.0,200.0,1.6,62.0,140.0,940.0,460.0,1.6,15.0,140.0,0,Gampaha_30
60.871249999999996,11.2,26.0,5.6,5.0,200.0,1.6,62.0,140.0,940.0,460.0,1.6,15.0,140.0,0,Kandy_40
50.364,11.2,26.0,5.6,5.0,200.0,1.6,62.0,140.0,940.0,460.0,1.6,15.0,140.0,0,Gampaha_39
73.95075,11.2,26.0,5.6,5.0,200.0,1.6,62.0,140.0,940.0,460.0,1.6,15.0,140.0,0,Kandy_46
103.96575,11.2,26.0,5.6,5.0,200.0,1.6,62.0,140.0,940.0,460.0,1.6,15.0,140.0,0,Vavuniya_33
60.70625,11.2,26.0,5.6,5.0,200.0,1.6,62.0,140.0,940.0,460.0,1.6,15.0,140.0,0,Anuradhapura_20
98.46300000000001,11.2,26.0,5.6,5.0,200.0,1.6,62.0,140.0,940.0,460.0,1.6,15.0,140.0,0,Matara_42
109.5375,11.2,26.0,5.6,5.0,200.0,1.6,62.0,140.0,940.0,460.0,1.6,15.0,140.0,0,Matara_42
98.6265,11.2,26.0,5.6,5.0,200.0,1.6,62.0,140.0,940.0,460.0,1.6,15.0,140.0,0,Polonnaruwa_41
79.915,11.2,26.0,5.6,5.0,200.0,1.6,62.0,140.0,940.0,460.0,1.6,15.0,140.0,0,Nuwara Eliya_42
102.00787500000001,11.2,26.0,5.6,5.0,200.0,1.6,62.0,140.0,940.0,460.0,1.6,15.0,140.0,0,Trincomalee_25
88.7375,11.2,26.0,5.6,5.0,200.0,1.6,62.0,140.0,940.0,460.0,1.6,15.0,140.0,0,Monaragala_50
65.63475000000001,11.2,26.0,5.6,5.0,200.0,1.6,62.0,140.0,940.0,460.0,1.6,15.0,140.0,0,Jaffna_38
79.174,11.2,26.0,5.6,5.0,200.0,1.6,62.0,140.0,940.0,460.0,1.6,15.0,140.0,0,Colombo_26
99.85162500000001,11.2,26.0,5.6,5.0,200.0,1.6,62.0,140.0,940.0,460.0,1.6,15.0,140.0,0,Ratnapura_42
47.934,11.2,26.0,5.6,5.0,200.0,1.6,62.0,140.0,940.0,460.0,1.6,15.0,140.0,0,Monaragala_45
79.358125,11.2,26.0,5.6,5.0,200.0,1.6,62.0,140.0,940.0,460.0,1.6,15.0,140.0,0,Monaragala_56
111.581625,11.2,26.0,5.6,5.0,200.0,1.6,62.0,140.0,940.0,460.0,1.6,15.0,140.0,0,Badulla_31
82.49100000000001,11.2,26.0,5.6,5.0,200.0,1.6,62.0,140.0,940.0,460.0,1.6,15.0,140.0,0,Vavuniya_57
74.5085,11.2,15.6,5.6,2.0,200.0,1.6,62.0,140.0,940.0,460.0,1.6,15.0,140.0,0,Polonnaruwa_52
72.50375,11.2,26.0,5.6,5.0,200.0,1.6,62.0,140.0,940.0,460.0,1.6,15.0,140.0,0,Matara_62
93.31387500000001,11.2,26.0,5.6,5.0,200.0,1.6,62.0,140.0,940.0,460.0,1.6,15.0,140.0,0,Badulla_20
77.4535,11.2,26.0,5.6,5.0,200.0,1.6,62.0,140.0,940.0,460.0,1.6,15.0,140.0,0,Anuradhapura_34
75.41187500000001,11.2,26.0,5.6,5.0,260.0,1.6,62.0,140.0,940.0,460.0,1.6,15.0,140.0,0,Puttalam_54
69.63375,11.2,26.0,5.6,5.0,200.0,1.6,62.0,140.0,940.0,460.0,1.6,15.0,140.0,0,Nuwara Eliya_21
87.517875,11.2,26.0,5.6,5.0,200.0,1.6,62.0,140.0,940.0,460.0,1.6,15.0,140.0,0,Polonnaruwa_19
76.37437500000001,11.2,26.0,5.6,5.0,200.0,1.6,62.0,140.0,940.0,460.0,1.6,15.0,140.0,0,Trincomalee_23
102.98975,11.2,26.0,5.6,5.0,200.0,1.6,62.0,140.0,940.0,460.0,1.6,15.0,140.0,0,Ampara_30
84.45175000000002,11.2,26.0,5.6,5.0,200.0,1.6,62.0,140.0,940.0,460.0,1.6,15.0,140.0,0,Puttalam_32
93.0325,11.2,26.0,5.6,5.0,200.0,1.6,62.0,140.0,940.0,460.0,1.6,15.0,140.0,0,Matara_22
80.1625,11.2,26.0,5.6,5.0,200.0,1.6,62.0,140.0,940.0,460.0,1.6,15.0,140.0,0,Puttalam_34
74.03687500000001,11.2,26.0,5.6,5.0,200.0,3.2,62.0,140.0,1316.0,276.0,1.6,15.0,140.0,0,Anuradhapura_63
72.78637499999999,11.2,26.0,5.6,5.0,200.0,1.6,62.0,140.0,940.0,460.0,1.6,15.0,140.0,0,Anuradhapura_25
75.54937500000001,11.2,26.0,5.6,5.0,200.0,1.6,62.0,140.0,940.0,460.0,1.6,15.0,140.0,0,Ampara_52
65.04575,11.2,26.0,5.6,5.0,200.0,1.6,62.0,140.0,1316.0,276.0,1.6,15.0,140.0,0,Kandy_42
71.85025,11.2,26.0,5.6,5.0,200.0,1.6,62.0,140.0,940.0,460.0,1.6,15.0,140.0,0,Jaffna_42
79.481875,11.2,26.0,5.6,5.0,200.0,1.6,62.0,140.0,940.0,460.0,1.6,15.0,140.0,0,Matara_35
75.072,11.2,26.0,5.6,5.0,200.0,1.6,62.0,140.0,940.0,460.0,1.6,15.0,140.0,0,Anuradhapura_39
103.474125,11.2,26.0,5.6,5.0,200.0,1.6,62.0,140.0,940.0,460.0,1.6,15.0,140.0,0,Hambantota_29
74.059,11.2,15.6,5.6,2.0,200.0,1.6,62.0,140.0,940.0,460.0,1.6,15.0,140.0,0,Vavuniya_39
75.35325,11.2,26.0,5.6,5.0,200.0,1.6,62.0,140.0,940.0,460.0,1.6,15.0,140.0,0,Matara_32
66.59125,11.2,15.6,5.6,2.0,200.0,1.6,62.0,140.0,940.0,460.0,1.6,15.0,140.0,0,Hambantota_29
68.424,11.2,26.0,5.6,5.0,200.0,3.2,62.0,140.0,940.0,460.0,1.6,15.0,140.0,0,Kegalle_60
98.78925000000001,11.2,26.0,5.6,5.0,200.0,1.6,62.0,140.0,940.0,460.0,1.6,15.0,140.0,0,Matara_35
124.0415,11.2,26.0,5.6,5.0,200.0,1.6,62.0,140.0,940.0,460.0,1.6,15.0,140.0,0,Galle_20
87.89275,11.2,26.0,5.6,5.0,200.0,1.6,62.0,140.0,940.0,460.0,1.6,15.0,140.0,0,Gampaha_30
111.549,11.2,26.0,5.6,5.0,200.0,1.6,62.0,140.0,940.0,460.0,1.6,15.0,140.0,0,Kurunegala_30
78.84975,11.2,26.0,5.6,5.0,200.0,1.6,62.0,140.0,940.0,460.0,1.6,15.0,140.0,0,Matara_30
71.406,11.2,26.0,5.6,5.0,200.0,1.6,62.0,140.0,940.0,460.0,1.6,15.0,140.0,0,Ratnapura_47
86.73800000000001,11.2,26.0,5.6,5.0,200.0,1.6,62.0,140.0,940.0,460.0,1.6,15.0,140.0,0,Matale_20
58.1075,11.2,26.0,5.6,5.0,200.0,1.6,62.0,140.0,1316.0,276.0,1.6,15.0,140.0,0,Polonnaruwa_52
62.214,11.2,26.0,5.6,5.0,200.0,1.6,62.0,140.0,940.0,460.0,1.6,15.0,140.0,0,Jaffna_36
93.03875000000001,11.2,15.6,5.6,2.0,200.0,1.6,62.0,140.0,940.0,460.0,1.6,15.0,140.0,0,Kurunegala_52
97.413,11.2,26.0,5.6,5.0,200.0,1.6,62.0,140.0,940.0,460.0,1.6,15.0,140.0,0,Matara_18
90.57425000000002,11.2,26.0,5.6,5.0,200.0,1.6,62.0,140.0,940.0,460.0,1.6,15.0,140.0,0,Hambantota_46
72.126,11.2,26.0,5.6,5.0,200.0,1.6,62.0,140.0,940.0,460.0,1.6,15.0,140.0,0,Hambantota_40
68.14500000000001,11.2,26.0,5.6,5.0,200.0,1.6,62.0,140.0,940.0,460.0,1.6,15.0,140.0,0,Matara_27
65.21625,11.2,26.0,5.6,5.0,200.0,1.6,62.0,140.0,940.0,460.0,1.6,15.0,140.0,0,Colombo_41
75.96037500000001,11.2,26.0,5.6,5.0,200.0,1.6,62.0,140.0,940.0,460.0,1.6,15.0,140.0,0,Matale_30
101.03325000000001,11.2,15.6,5.6,2.0,200.0,1.6,62.0,140.0,940.0,460.0,1.6,15.0,140.0,0,Matale_41
89.484375,11.2,26.0,5.6,5.0,200.0,1.6,62.0,140.0,940.0,460.0,1.6,15.0,140.0,0,Monaragala_21
70.47562500000001,11.2,15.6,5.6,2.0,200.0,1.6,62.0,140.0,940.0,460.0,1.6,15.0,140.0,0,Kalutara_64
86.590625,11.2,26.0,5.6,5.0,200.0,1.6,62.0,140.0,940.0,460.0,1.6,15.0,140.0,0,Badulla_35
84.79625000000001,11.2,26.0,5.6,5.0,200.0,1.6,62.0,140.0,940.0,460.0,1.6,15.0,140.0,0,Batticaloa_32
85.26675000000002,11.2,26.0,5.6,5.0,200.0,1.6,62.0,140.0,940.0,460.0,1.6,15.0,140.0,0,Matale_23
92.055,11.2,26.0,5.6,5.0,200.0,1.6,62.0,140.0,940.0,460.0,1.6,15.0,140.0,0,Puttalam_26
64.54937500000001,11.2,26.0,5.6,5.0,200.0,1.6,62.0,140.0,940.0,460.0,1.6,15.0,140.0,0,Kurunegala_41
78.492,11.2,26.0,5.6,5.0,200.0,1.6,62.0,140.0,940.0,460.0,1.6,15.0,140.0,0,Hambantota_24
89.56200000000001,11.2,26.0,5.6,5.0,200.0,1.6,62.0,140.0,940.0,460.0,1.6,15.0,140.0,0,Mannar_31
69.75775,11.2,15.6,5.6,2.0,200.0,1.6,62.0,140.0,940.0,460.0,1.6,15.0,140.0,0,Gampaha_35
75.36,11.2,26.0,5.6,5.0,200.0,1.6,62.0,140.0,940.0,460.0,1.6,15.0,140.0,0,Badulla_40
77.694,11.2,26.0,5.6,5.0,200.0,1.6,62.0,140.0,940.0,460.0,1.6,15.0,140.0,0,Anuradhapura_38
54.96,11.2,26.0,5.6,5.0,200.0,1.6,62.0,140.0,940.0,460.0,1.6,15.0,140.0,0,Hambantota_46
130.549,11.2,26.0,5.6,5.0,200.0,1.6,62.0,140.0,940.0,460.0,1.6,15.0,140.0,0,Kilinochchi_28
95.10800000000002,11.2,26.0,5.6,5.0,200.0,1.6,62.0,140.0,940.0,460.0,1.6,15.0,140.0,0,Kilinochchi_19
60.328125,11.2,26.0,5.6,5.0,200.0,1.6,62.0,140.0,1316.0,276.0,1.6,15.0,140.0,0,Nuwara Eliya_22
54.720000000000006,11.2,26.0,5.6,5.0,260.0,1.6,62.0,140.0,940.0,460.0,1.6,15.0,140.0,0,Mullaitivu_46
61.248000000000005,11.2,26.0,5.6,5.0,200.0,1.6,62.0,140.0,940.0,460.0,1.6,15.0,140.0,0,Batticaloa_36
50.971250000000005,11.2,26.0,5.6,5.0,200.0,1.6,62.0,140.0,940.0,460.0,1.6,15.0,140.0,0,Anuradhapura_64
64.95500000000001,11.2,26.0,5.6,5.0,200.0,1.6,62.0,140.0,940.0,460.0,1.6,15.0,140.0,0,Kilinochchi_38
109.36500000000001,11.2,26.0,5.6,5.0,200.0,1.6,62.0,140.0,940.0,460.0,1.6,15.0,140.0,0,Matale_26
101.43975,11.2,26.0,5.6,5.0,200.0,1.6,62.0,140.0,940.0,460.0,1.6,15.0,140.0,0,Puttalam_43
115.22137500000001,11.2,26.0,5.6,5.0,200.0,1.6,62.0,140.0,940.0,460.0,1.6,15.0,140.0,0,Gampaha_20
83.263125,11.2,26.0,5.6,5.0,200.0,1.6,62.0,140.0,940.0,460.0,1.6,15.0,140.0,0,Matale_22
70.915625,11.2,26.0,5.6,5.0,200.0,1.6,62.0,140.0,940.0,460.0,1.6,15.0,140.0,0,Kilinochchi_35
73.3615,11.2,26.0,5.6,5.0,200.0,1.6,62.0,140.0,1316.0,276.0,1.6,15.0,140.0,0,Kandy_49
73.885625,11.2,26.0,5.6,5.0,200.0,1.6,62.0,140.0,940.0,460.0,1.6,15.0,140.0,0,Ratnapura_36
77.30250000000001,11.2,26.0,5.6,5.0,200.0,1.6,62.0,140.0,940.0,460.0,1.6,15.0,140.0,0,Kilinochchi_36
77.702625,11.2,15.6,5.6,2.0,200.0,1.6,62.0,140.0,940.0,460.0,1.6,15.0,140.0,0,Hambantota_33
65.75250000000001,11.2,26.0,5.6,5.0,200.0,1.6,62.0,140.0,940.0,460.0,1.6,15.0,140.0,0,Matale_47
66.474,11.2,26.0,5.6,5.0,200.0,1.6,62.0,140.0,940.0,460.0,1.6,15.0,140.0,0,Kandy_40
92.244375,11.2,26.0,5.6,5.0,200.0,1.6,62.0,140.0,940.0,460.0,1.6,15.0,140.0,0,Hambantota_22
94.80575000000002,11.2,26.0,5.6,5.0,260.0,1.6,62.0,140.0,940.0,460.0,1.6,15.0,140.0,0,Galle_54
100.54075000000002,11.2,26.0,5.6,5.0,200.0,1.6,62.0,140.0,1316.0,276.0,1.6,15.0,140.0,0,Badulla_31
105.97537500000001,11.2,26.0,5.6,5.0,200.0,1.6,62.0,140.0,940.0,460.0,1.6,15.0,140.0,0,Kurunegala_33
89.58225000000002,11.2,15.6,5.6,2.0,200.0,1.6,62.0,140.0,940.0,460.0,1.6,15.0,140.0,0,Kandy_48
116.6885,11.2,26.0,5.6,5.0,200.0,1.6,62.0,140.0,940.0,460.0,1.6,15.0,140.0,0,Batticaloa_31
108.735375,11.2,26.0,5.6,5.0,200.0,1.6,62.0,140.0,940.0,460.0,1.6,15.0,140.0,0,Gampaha_23
71.016,11.2,26.0,5.6,5.0,200.0,1.6,62.0,140.0,940.0,460.0,1.6,15.0,140.0,0,Mannar_48
84.638125,11.2,26.0,5.6,5.0,200.0,1.6,62.0,140.0,1316.0,276.0,1.6,15.0,140.0,0,Kurunegala_52
62.75175,11.2,26.0,5.6,5.0,200.0,1.6,62.0,140.0,940.0,460.0,1.6,15.0,140.0,0,Kegalle_53
107.41575,11.2,26.0,5.6,5.0,200.0,1.6,62.0,140.0,940.0,460.0,1.6,15.0,140.0,0,Ampara_41
75.769375,11.2,26.0,5.6,5.0,200.0,1.6,62.0,140.0,940.0,460.0,1.6,15.0,140.0,0,Anuradhapura_25
61.682500000000005,11.2,26.0,5.6,5.0,200.0,1.6,62.0,140.0,940.0,460.0,1.6,15.0,140.0,0,Nuwara Eliya_29
96.56500000000001,11.2,26.0,5.6,5.0,200.0,1.6,62.0,140.0,940.0,460.0,1.6,15.0,140.0,0,Nuwara Eliya_31
88.33000000000001,11.2,26.0,5.6,5.0,200.0,1.6,62.0,140.0,940.0,460.0,1.6,15.0,140.0,0,Colombo_33
60.658125000000005,11.2,15.6,5.6,2.0,200.0,1.6,62.0,140.0,940.0,460.0,1.6,15.0,140.0,0,Ratnapura_35
81.91850000000001,11.2,26.0,5.6,5.0,200.0,1.6,62.0,140.0,940.0,460.0,1.6,15.0,140.0,0,Anuradhapura_21
58.4375,11.2,26.0,5.6,5.0,200.0,1.6,62.0,140.0,940.0,460.0,1.6,15.0,140.0,0,Kalutara_40
54.57600000000001,11.2,26.0,5.6,5.0,200.0,1.6,62.0,140.0,940.0,460.0,1.6,15.0,140.0,0,Kurunegala_49
69.01375,11.2,26.0,5.6,5.0,200.0,1.6,62.0,140.0,1316.0,276.0,1.6,15.0,140.0,0,Vavuniya_44
67.284,11.2,26.0,5.6,5.0,260.0,1.6,62.0,140.0,1316.0,276.0,1.6,15.0,140.0,0,Polonnaruwa_57
53.24399999999999,11.2,26.0,5.6,5.0,200.0,1.6,62.0,140.0,940.0,460.0,1.6,15.0,140.0,0,Kurunegala_43
44.994,11.2,26.0,5.6,5.0,200.0,1.6,62.0,140.0,940.0,460.0,1.6,15.0,140.0,0,Gampaha_53
119.96600000000001,11.2,26.0,5.6,5.0,200.0,1.6,62.0,140.0,940.0,460.0,1.6,15.0,140.0,0,Mullaitivu_32
107.66300000000001,11.2,15.6,5.6,2.0,200.0,1.6,62.0,140.0,940.0,460.0,1.6,15.0,140.0,0,Batticaloa_35
59.723125,11.2,26.0,5.6,5.0,200.0,1.6,62.0,140.0,940.0,460.0,1.6,15.0,140.0,0,Trincomalee_39
110.05499999999999,11.2,26.0,5.6,5.0,200.0,1.6,62.0,140.0,940.0,460.0,1.6,15.0,140.0,0,Polonnaruwa_40
97.64362500000001,11.2,26.0,5.6,5.0,200.0,1.6,62.0,140.0,940.0,460.0,1.6,15.0,140.0,0,Nuwara Eliya_26
93.47274999999999,11.2,26.0,5.6,5.0,200.0,1.6,62.0,140.0,940.0,460.0,1.6,15.0,140.0,0,Puttalam_42
47.61600000000001,11.2,26.0,5.6,5.0,200.0,1.6,62.0,140.0,940.0,460.0,1.6,15.0,140.0,0,Nuwara Eliya_49
104.62987500000001,11.2,26.0,5.6,5.0,200.0,1.6,62.0,140.0,940.0,460.0,1.6,15.0,140.0,0,Mullaitivu_49
64.769375,11.2,15.6,5.6,2.0,260.0,1.6,62.0,140.0,940.0,460.0,1.6,15.0,140.0,0,Monaragala_53
62.964,11.2,26.0,5.6,5.0,200.0,1.6,62.0,140.0,940.0,460.0,1.6,15.0,140.0,0,Mannar_36
62.727500000000006,11.2,26.0,5.6,5.0,200.0,1.6,62.0,140.0,940.0,460.0,1.6,15.0,140.0,0,Gampaha_28
77.07000000000001,11.2,26.0,5.6,5.0,200.0,1.6,62.0,140.0,940.0,460.0,1.6,15.0,140.0,0,Hambantota_42
52.87800000000001,11.2,15.6,5.6,2.0,200.0,1.6,62.0,140.0,940.0,460.0,1.6,15.0,140.0,0,Vavuniya_50
64.80550000000001,11.2,26.0,5.6,5.0,200.0,1.6,62.0,140.0,940.0,460.0,1.6,15.0,140.0,0,Matara_54
83.97125000000001,11.2,26.0,5.6,5.0,200.0,1.6,62.0,140.0,940.0,460.0,1.6,15.0,140.0,0,Jaffna_46
104.16412500000001,11.2,26.0,5.6,5.0,200.0,1.6,62.0,140.0,940.0,460.0,1.6,15.0,140.0,0,Monaragala_23
50.847500000000004,11.2,15.6,5.6,2.0,200.0,1.6,62.0,140.0,940.0,460.0,1.6,15.0,140.0,0,Kegalle_65
122.9585,11.2,26.0,5.6,5.0,200.0,1.6,62.0,140.0,940.0,460.0,1.6,15.0,140.0,0,Kegalle_26
115.18687500000001,11.2,26.0,5.6,5.0,200.0,1.6,62.0,140.0,940.0,460.0,1.6,15.0,140.0,0,Mannar_23
84.6765,11.2,26.0,5.6,5.0,200.0,1.6,62.0,140.0,940.0,460.0,1.6,15.0,140.0,0,Ampara_64
92.46525,11.2,26.0,5.6,5.0,200.0,1.6,62.0,140.0,1316.0,276.0,1.6,15.0,140.0,0,Jaffna_43
66.78375000000001,11.2,26.0,5.6,5.0,200.0,1.6,62.0,140.0,940.0,460.0,1.6,15.0,140.0,0,Hambantota_43
59.406875,11.2,26.0,5.6,5.0,200.0,1.6,62.0,140.0,940.0,460.0,1.6,15.0,140.0,0,Kalutara_38
104.54362500000002,11.2,26.0,5.6,5.0,200.0,1.6,62.0,140.0,940.0,460.0,1.6,15.0,140.0,0,Trincomalee_33
89.0625,11.2,26.0,5.6,5.0,200.0,1.6,62.0,140.0,940.0,460.0,1.6,15.0,140.0,0,Kalutara_20
47.034,11.2,26.0,5.6,5.0,200.0,1.6,62.0,140.0,940.0,460.0,1.6,15.0,140.0,0,Matale_62
114.94537500000001,11.2,26.0,5.6,5.0,200.0,1.6,62.0,140.0,940.0,460.0,1.6,15.0,140.0,0,Galle_31
75.175,11.2,26.0,5.6,5.0,200.0,1.6,62.0,140.0,1316.0,276.0,1.6,15.0,140.0,0,Kegalle_37
64.98937500000001,11.2,26.0,5.6,5.0,200.0,1.6,62.0,140.0,940.0,460.0,1.6,15.0,140.0,0,Trincomalee_23
58.953125,11.2,26.0,5.6,5.0,200.0,1.6,62.0,140.0,940.0,460.0,1.6,15.0,140.0,0,Kalutara_53
79.422,11.2,26.0,5.6,5.0,200.0,1.6,62.0,140.0,940.0,460.0,1.6,15.0,140.0,0,Vavuniya_24
62.088125000000005,11.2,26.0,5.6,5.0,200.0,1.6,62.0,140.0,940.0,460.0,1.6,15.0,140.0,0,Kandy_25
86.37937500000001,11.2,26.0,5.6,5.0,200.0,1.6,62.0,140.0,940.0,460.0,1.6,15.0,140.0,0,Galle_33
72.923125,11.2,26.0,5.6,5.0,200.0,1.6,62.0,140.0,940.0,460.0,1.6,15.0,140.0,0,Kegalle_28
62.05375,11.2,26.0,5.6,5.0,200.0,1.6,62.0,140.0,940.0,460.0,1.6,15.0,140.0,0,Vavuniya_41
68.81187500000001,11.2,26.0,5.6,5.0,200.0,1.6,62.0,140.0,940.0,460.0,1.6,15.0,140.0,0,Polonnaruwa_27
80.086875,11.2,26.0,5.6,5.0,200.0,1.6,62.0,140.0,940.0,460.0,1.6,15.0,140.0,0,Kilinochchi_43
40.788000000000004,11.2,26.0,5.6,5.0,200.0,1.6,62.0,140.0,940.0,460.0,1.6,15.0,140.0,0,Jaffna_62
68.92850000000001,11.2,26.0,5.6,5.0,200.0,1.6,62.0,140.0,940.0,460.0,1.6,15.0,140.0,0,Kegalle_36
80.47125000000001,11.2,26.0,5.6,5.0,200.0,1.6,62.0,140.0,940.0,460.0,1.6,15.0,140.0,0,Matara_30
61.27,11.2,26.0,5.6,5.0,200.0,1.6,62.0,140.0,940.0,460.0,1.6,15.0,140.0,0,Kurunegala_62
94.04700000000001,11.2,26.0,5.6,5.0,200.0,1.6,62.0,140.0,940.0,460.0,1.6,15.0,140.0,0,Ratnapura_49
99.85100000000001,11.2,26.0,5.6,5.0,200.0,1.6,62.0,140.0,940.0,460.0,1.6,15.0,140.0,0,Kandy_30
102.24075000000002,11.2,26.0,5.6,5.0,200.0,1.6,62.0,140.0,940.0,460.0,1.6,15.0,140.0,0,Gampaha_39
66.02225000000001,11.2,26.0,5.6,5.0,200.0,1.6,62.0,140.0,940.0,460.0,1.6,15.0,140.0,0,Nuwara Eliya_61
49.92,11.2,26.0,5.6,5.0,200.0,1.6,62.0,140.0,940.0,460.0,1.6,15.0,140.0,0,Kurunegala_53
54.480000000000004,11.2,26.0,5.6,5.0,200.0,1.6,62.0,140.0,940.0,460.0,1.6,15.0,140.0,0,Hambantota_35
97.1175,11.2,26.0,5.6,5.0,200.0,1.6,62.0,140.0,940.0,460.0,1.6,15.0,140.0,0,Monaragala_46
63.08325000000001,11.2,26.0,5.6,5.0,200.0,1.6,62.0,140.0,940.0,460.0,1.6,15.0,140.0,0,Ampara_32
45.03,11.2,26.0,5.6,5.0,200.0,1.6,62.0,140.0,940.0,460.0,1.6,15.0,140.0,0,Matale_52
71.011875,11.2,26.0,5.6,5.0,200.0,3.2,62.0,140.0,940.0,460.0,1.6,15.0,140.0,0,Vavuniya_32
98.48025,11.2,15.6,5.6,2.0,200.0,1.6,62.0,140.0,940.0,460.0,1.6,15.0,140.0,0,Hambantota_52
93.465,11.2,26.0,5.6,5.0,200.0,1.6,62.0,140.0,940.0,460.0,1.6,15.0,140.0,0,Batticaloa_33
70.34400000000001,11.2,26.0,5.6,5.0,200.0,1.6,62.0,140.0,1316.0,276.0,1.6,15.0,140.0,0,Puttalam_55
67.456,11.2,26.0,5.6,5.0,200.0,1.6,62.0,140.0,940.0,460.0,1.6,15.0,140.0,0,Anuradhapura_41
89.0725,11.2,26.0,5.6,5.0,200.0,1.6,62.0,140.0,940.0,460.0,1.6,15.0,140.0,0,Anuradhapura_32
78.60875000000001,11.2,26.0,5.6,5.0,200.0,1.6,62.0,140.0,940.0,460.0,1.6,15.0,140.0,0,Mannar_43
85.930625,11.2,26.0,5.6,5.0,200.0,1.6,62.0,140.0,940.0,460.0,1.6,15.0,140.0,0,Trincomalee_25
67.21575,11.2,15.6,5.6,2.0,200.0,1.6,62.0,140.0,940.0,460.0,1.6,15.0,140.0,0,Batticaloa_45
69.81075000000001,11.2,26.0,5.6,5.0,200.0,1.6,62.0,140.0,940.0,460.0,1.6,15.0,140.0,0,Nuwara Eliya_27
84.308125,11.2,26.0,5.6,5.0,200.0,1.6,62.0,140.0,940.0,460.0,1.6,15.0,140.0,0,Kalutara_18
72.39000000000001,11.2,26.0,5.6,5.0,200.0,1.6,62.0,140.0,940.0,460.0,1.6,15.0,140.0,0,Ratnapura_53
54.55800000000001,11.2,26.0,5.6,5.0,200.0,1.6,62.0,140.0,940.0,460.0,1.6,15.0,140.0,0,Gampaha_42
52.182,11.2,26.0,5.6,5.0,260.0,1.6,62.0,140.0,1316.0,276.0,1.6,15.0,140.0,0,Puttalam_61
83.73875000000001,11.2,26.0,5.6,5.0,200.0,1.6,62.0,140.0,940.0,460.0,1.6,15.0,140.0,0,Galle_33
84.095,11.2,26.0,5.6,5.0,200.0,1.6,62.0,140.0,940.0,460.0,1.6,15.0,140.0,0,Kandy_43
83.63662500000001,11.2,26.0,5.6,5.0,200.0,1.6,62.0,140.0,940.0,460.0,1.6,15.0,140.0,0,Anuradhapura_47
86.86975000000001,11.2,26.0,5.6,5.0,200.0,1.6,62.0,140.0,1316.0,276.0,1.6,15.0,140.0,0,Matara_53
66.34,11.2,26.0,5.6,5.0,200.0,1.6,62.0,140.0,940.0,460.0,1.6,15.0,140.0,0,Colombo_54
73.687,11.2,26.0,5.6,5.0,260.0,1.6,62.0,140.0,940.0,460.0,1.6,15.0,140.0,0,Badulla_50
53.88000000000001,11.2,26.0,5.6,5.0,200.0,1.6,62.0,140.0,940.0,460.0,1.6,15.0,140.0,0,Gampaha_42
86.54325000000001,11.2,26.0,5.6,5.0,200.0,1.6,62.0,140.0,940.0,460.0,1.6,15.0,140.0,0,Trincomalee_18
62.34100000000001,11.2,26.0,5.6,5.0,200.0,1.6,62.0,140.0,940.0,460.0,1.6,15.0,140.0,0,Badulla_55
55.924,11.2,26.0,5.6,5.0,200.0,1.6,62.0,140.0,940.0,460.0,1.6,15.0,140.0,0,Trincomalee_50
65.14750000000001,11.2,26.0,5.6,5.0,200.0,1.6,62.0,140.0,1316.0,276.0,1.6,15.0,140.0,0,Nuwara Eliya_61
102.92,11.2,26.0,5.6,5.0,200.0,1.6,62.0,140.0,940.0,460.0,1.6,15.0,140.0,0,Ampara_23
106.41525000000001,11.2,26.0,5.6,5.0,200.0,1.6,62.0,140.0,940.0,460.0,1.6,15.0,140.0,0,Kilinochchi_24
49.914,11.2,26.0,5.6,5.0,200.0,1.6,62.0,140.0,940.0,460.0,1.6,15.0,140.0,0,Anuradhapura_36
84.3425,11.2,26.0,5.6,5.0,200.0,3.2,62.0,140.0,940.0,460.0,1.6,15.0,140.0,0,Gampaha_36
73.31500000000001,11.2,26.0,5.6,5.0,200.0,3.2,62.0,140.0,940.0,460.0,1.6,15.0,140.0,0,Kandy_32
112.38375,11.2,26.0,5.6,5.0,200.0,1.6,62.0,140.0,940.0,460.0,1.6,15.0,140.0,0,Polonnaruwa_26
64.453125,11.2,26.0,5.6,5.0,200.0,1.6,62.0,140.0,940.0,460.0,1.6,15.0,140.0,0,Gampaha_25
65.82075,11.2,26.0,5.6,5.0,200.0,1.6,62.0,140.0,940.0,460.0,1.6,15.0,140.0,0,Jaffna_19
73.775625,11.2,26.0,5.6,5.0,200.0,1.6,62.0,140.0,940.0,460.0,1.6,15.0,140.0,0,Batticaloa_61
102.45637500000001,11.2,26.0,5.6,5.0,200.0,1.6,62.0,140.0,940.0,460.0,1.6,15.0,140.0,0,Mannar_26
114.04837500000001,11.2,26.0,5.6,5.0,200.0,1.6,62.0,140.0,940.0,460.0,1.6,15.0,140.0,0,Gampaha_35
71.89675000000001,11.2,26.0,5.6,5.0,260.0,1.6,62.0,140.0,940.0,460.0,1.6,15.0,140.0,0,Matale_35
66.735625,11.2,26.0,5.6,5.0,200.0,1.6,62.0,140.0,940.0,460.0,1.6,15.0,140.0,0,Hambantota_25
82.9675,11.2,26.0,5.6,5.0,200.0,1.6,62.0,140.0,940.0,460.0,1.6,15.0,140.0,0,Galle_30
61.75812500000001,11.2,26.0,5.6,5.0,200.0,1.6,62.0,140.0,940.0,460.0,1.6,15.0,140.0,0,Anuradhapura_27
100.51750000000001,11.2,26.0,5.6,5.0,200.0,1.6,62.0,140.0,940.0,460.0,1.6,15.0,140.0,0,Badulla_18
72.138,11.2,26.0,5.6,5.0,200.0,1.6,62.0,140.0,940.0,460.0,1.6,15.0,140.0,0,Kilinochchi_37
55.122,11.2,26.0,5.6,5.0,200.0,1.6,62.0,140.0,940.0,460.0,1.6,15.0,140.0,0,Jaffna_44
80.57475000000001,11.2,26.0,5.6,5.0,200.0,1.6,62.0,140.0,940.0,460.0,1.6,15.0,140.0,0,Galle_39
100.42450000000001,11.2,26.0,5.6,5.0,200.0,1.6,62.0,140.0,940.0,460.0,1.6,15.0,140.0,0,Colombo_39
99.82775000000001,11.2,26.0,5.6,5.0,200.0,1.6,62.0,140.0,940.0,460.0,1.6,15.0,140.0,0,Polonnaruwa_41
127.7655,11.2,26.0,5.6,5.0,200.0,1.6,62.0,140.0,940.0,460.0,1.6,15.0,140.0,0,Kandy_29
61.428125,11.2,26.0,5.6,5.0,200.0,1.6,62.0,140.0,940.0,460.0,1.6,15.0,140.0,0,Kilinochchi_39
94.54725,11.2,26.0,5.6,5.0,260.0,1.6,62.0,140.0,940.0,460.0,1.6,15.0,140.0,0,Kegalle_54
80.664,11.2,26.0,5.6,5.0,200.0,1.6,62.0,140.0,1316.0,276.0,1.6,15.0,140.0,0,Vavuniya_41
121.31925000000001,11.2,26.0,5.6,5.0,200.0,1.6,62.0,140.0,940.0,460.0,1.6,15.0,140.0,0,Matara_27
91.729,11.2,26.0,5.6,5.0,200.0,1.6,62.0,140.0,940.0,460.0,1.6,15.0,140.0,0,Kegalle_40
75.08875,11.2,26.0,5.6,5.0,200.0,1.6,62.0,140.0,940.0,460.0,1.6,15.0,140.0,0,Kegalle_62
68.88975,11.2,26.0,5.6,5.0,200.0,1.6,62.0,140.0,940.0,460.0,1.6,15.0,140.0,0,Matale_26
52.541999999999994,11.2,26.0,5.6,5.0,200.0,1.6,62.0,140.0,1316.0,276.0,1.6,15.0,140.0,0,Kilinochchi_45
82.555,11.2,26.0,5.6,5.0,200.0,1.6,62.0,140.0,940.0,460.0,1.6,15.0,140.0,0,Anuradhapura_38
86.79,11.2,26.0,5.6,5.0,200.0,1.6,62.0,140.0,940.0,460.0,1.6,15.0,140.0,0,Mullaitivu_37
76.15925000000001,11.2,26.0,5.6,5.0,200.0,1.6,62.0,140.0,940.0,460.0,1.6,15.0,140.0,0,Matale_32
87.57825000000001,11.2,26.0,5.6,5.0,260.0,1.6,62.0,140.0,940.0,460.0,1.6,15.0,140.0,0,Anuradhapura_53
108.91075000000001,11.2,26.0,5.6,5.0,200.0,1.6,62.0,140.0,940.0,460.0,1.6,15.0,140.0,0,Hambantota_26
66.97800000000001,11.2,26.0,5.6,5.0,200.0,1.6,62.0,140.0,1316.0,276.0,1.6,15.0,140.0,0,Kurunegala_43
43.53600000000001,11.2,26.0,5.6,5.0,200.0,1.6,62.0,140.0,940.0,460.0,1.6,15.0,140.0,0,Gampaha_54
71.98975,11.2,26.0,5.6,5.0,200.0,1.6,62.0,140.0,940.0,460.0,1.6,15.0,140.0,0,Kalutara_27
99.82000000000001,11.2,26.0,5.6,5.0,200.0,1.6,62.0,140.0,940.0,460.0,1.6,15.0,140.0,0,Colombo_31
85.85325000000002,11.2,26.0,5.6,5.0,200.0,1.6,62.0,140.0,940.0,460.0,1.6,15.0,140.0,0,Anuradhapura_32
73.41125000000001,11.2,15.6,5.6,2.0,200.0,1.6,62.0,140.0,940.0,460.0,1.6,15.0,140.0,0,Anuradhapura_47
72.571,11.2,26.0,5.6,5.0,200.0,1.6,62.0,140.0,940.0,460.0,1.6,15.0,140.0,0,Jaffna_49
63.971875,11.2,15.6,5.6,2.0,200.0,1.6,62.0,140.0,1316.0,276.0,1.6,15.0,140.0,0,Matale_58
52.932,11.2,26.0,5.6,5.0,200.0,1.6,62.0,140.0,940.0,460.0,1.6,15.0,140.0,0,Nuwara Eliya_42
78.50475000000002,11.2,26.0,5.6,5.0,260.0,1.6,62.0,140.0,940.0,460.0,1.6,15.0,140.0,0,Jaffna_35
76.594375,11.2,26.0,5.6,5.0,200.0,1.6,62.0,140.0,940.0,460.0,1.6,15.0,140.0,0,Gampaha_57
100.90387500000001,11.2,26.0,5.6,5.0,200.0,1.6,62.0,140.0,940.0,460.0,1.6,15.0,140.0,0,Badulla_20
66.11687500000001,11.2,26.0,5.6,5.0,200.0,1.6,62.0,140.0,940.0,460.0,1.6,15.0,140.0,0,Galle_48
59.943124999999995,11.2,26.0,5.6,5.0,200.0,1.6,62.0,140.0,940.0,460.0,1.6,15.0,140.0,0,Galle_62
86.260625,11.2,15.6,5.6,2.0,200.0,1.6,62.0,140.0,940.0,460.0,1.6,15.0,140.0,0,Kegalle_32
73.25300000000001,11.2,26.0,5.6,5.0,200.0,1.6,62.0,140.0,940.0,460.0,1.6,15.0,140.0,0,Colombo_34
83.16525,11.2,26.0,5.6,5.0,200.0,1.6,62.0,140.0,940.0,460.0,1.6,15.0,140.0,0,Kilinochchi_46
82.5065,11.2,26.0,5.6,5.0,200.0,1.6,62.0,140.0,940.0,460.0,1.6,15.0,140.0,0,Kilinochchi_23
61.77525000000001,11.2,26.0,5.6,5.0,200.0,1.6,62.0,140.0,940.0,460.0,1.6,15.0,140.0,0,Galle_54
104.44874999999999,11.2,26.0,5.6,5.0,200.0,1.6,62.0,140.0,940.0,460.0,1.6,15.0,140.0,0,Badulla_37
89.5125,11.2,26.0,5.6,5.0,200.0,1.6,62.0,140.0,940.0,460.0,1.6,15.0,140.0,0,Puttalam_55
65.016875,11.2,26.0,5.6,5.0,200.0,1.6,62.0,140.0,940.0,460.0,1.6,15.0,140.0,0,Matale_52
80.77825,11.2,26.0,5.6,5.0,200.0,1.6,62.0,140.0,940.0,460.0,1.6,15.0,140.0,0,Ampara_38
81.35175000000001,11.2,26.0,5.6,5.0,200.0,1.6,62.0,140.0,940.0,460.0,1.6,15.0,140.0,0,Monaragala_29
92.39700000000002,11.2,26.0,5.6,5.0,200.0,1.6,62.0,140.0,940.0,460.0,1.6,15.0,140.0,0,Kegalle_27
90.44175000000001,11.2,26.0,5.6,5.0,200.0,1.6,62.0,140.0,940.0,460.0,1.6,15.0,140.0,0,Matale_29
103.08600000000001,11.2,26.0,5.6,5.0,200.0,1.6,62.0,140.0,940.0,460.0,1.6,15.0,140.0,0,Kandy_33
94.27799999999999,11.2,26.0,5.6,5.0,200.0,1.6,62.0,140.0,940.0,460.0,1.6,15.0,140.0,0,Kandy_25
80.870625,11.2,26.0,5.6,5.0,200.0,1.6,62.0,140.0,940.0,460.0,1.6,15.0,140.0,0,Kalutara_54
80.104,11.2,26.0,5.6,5.0,200.0,1.6,62.0,140.0,1316.0,276.0,1.6,15.0,140.0,0,Batticaloa_47
49.5,11.2,15.6,5.6,2.0,200.0,1.6,62.0,140.0,940.0,460.0,1.6,15.0,140.0,0,Trincomalee_60
78.05875,11.2,26.0,5.6,5.0,200.0,1.6,62.0,140.0,940.0,460.0,1.6,15.0,140.0,0,Matale_52
87.78687500000001,11.2,26.0,5.6,5.0,200.0,1.6,62.0,140.0,940.0,460.0,1.6,15.0,140.0,0,Mullaitivu_35
69.648,11.2,26.0,5.6,5.0,200.0,1.6,62.0,140.0,940.0,460.0,1.6,15.0,140.0,0,Jaffna_43
82.0415,11.2,26.0,5.6,5.0,200.0,1.6,62.0,140.0,940.0,460.0,1.6,15.0,140.0,0,Badulla_24
65.55,11.2,26.0,5.6,5.0,200.0,1.6,62.0,140.0,940.0,460.0,1.6,15.0,140.0,0,Trincomalee_59
85.14925000000002,11.2,26.0,5.6,5.0,200.0,1.6,62.0,140.0,940.0,460.0,1.6,15.0,140.0,0,Ratnapura_25
56.472,11.2,26.0,5.6,5.0,200.0,1.6,62.0,140.0,940.0,460.0,1.6,15.0,140.0,0,Nuwara Eliya_44
98.11600000000001,11.2,26.0,5.6,5.0,200.0,1.6,62.0,140.0,940.0,460.0,1.6,15.0,140.0,0,Puttalam_30
84.046875,11.2,26.0,5.6,5.0,200.0,1.6,62.0,140.0,940.0,460.0,1.6,15.0,140.0,0,Nuwara Eliya_26
56.004,11.2,26.0,5.6,5.0,200.0,1.6,62.0,140.0,940.0,460.0,1.6,15.0,140.0,0,Kurunegala_47
79.47075,11.2,26.0,5.6,5.0,200.0,1.6,62.0,140.0,940.0,460.0,1.6,15.0,140.0,0,Hambantota_25
65.278125,11.2,26.0,5.6,5.0,200.0,1.6,62.0,140.0,940.0,460.0,1.6,15.0,140.0,0,Kegalle_36
69.11449999999999,11.2,15.6,5.6,2.0,200.0,1.6,62.0,140.0,940.0,460.0,1.6,15.0,140.0,0,Monaragala_47
61.212,11.2,26.0,5.6,5.0,200.0,1.6,62.0,140.0,1316.0,276.0,1.6,15.0,140.0,0,Polonnaruwa_59
79.10375,11.2,26.0,5.6,5.0,200.0,1.6,62.0,140.0,940.0,460.0,1.6,15.0,140.0,0,Ampara_30
72.26100000000001,11.2,26.0,5.6,5.0,200.0,1.6,62.0,140.0,940.0,460.0,1.6,15.0,140.0,0,Ratnapura_36
70.681875,11.2,26.0,5.6,5.0,260.0,1.6,62.0,140.0,940.0,460.0,1.6,15.0,140.0,0,Batticaloa_37
91.67475,11.2,26.0,5.6,5.0,200.0,1.6,62.0,140.0,940.0,460.0,1.6,15.0,140.0,0,Vavuniya_42
123.6045,11.2,26.0,5.6,5.0,200.0,3.2,62.0,140.0,940.0,460.0,1.6,15.0,140.0,0,Nuwara Eliya_34
107.32149999999999,11.2,26.0,5.6,5.0,200.0,1.6,62.0,140.0,940.0,460.0,1.6,15.0,140.0,0,Kurunegala_28
68.34725,11.2,26.0,5.6,5.0,200.0,1.6,62.0,140.0,940.0,460.0,1.6,15.0,140.0,0,Hambantota_55
75.67800000000001,11.2,26.0,5.6,5.0,200.0,1.6,62.0,140.0,940.0,460.0,1.6,15.0,140.0,0,Nuwara Eliya_36
92.41100000000002,11.2,26.0,5.6,5.0,200.0,1.6,62.0,140.0,940.0,460.0,1.6,15.0,140.0,0,Colombo_46
68.289375,11.2,26.0,5.6,5.0,200.0,1.6,62.0,140.0,940.0,460.0,1.6,15.0,140.0,0,Gampaha_40
80.4295,11.2,26.0,5.6,5.0,200.0,1.6,62.0,140.0,940.0,460.0,1.6,15.0,140.0,0,Badulla_27
63.78625000000001,11.2,26.0,5.6,5.0,200.0,1.6,62.0,140.0,940.0,460.0,1.6,15.0,140.0,0,Matale_50
76.649375,11.2,26.0,5.6,5.0,200.0,1.6,62.0,140.0,940.0,460.0,1.6,15.0,140.0,0,Mullaitivu_60
86.88525,11.2,26.0,5.6,5.0,200.0,1.6,62.0,140.0,940.0,460.0,1.6,15.0,140.0,0,Ampara_39
70.80600000000001,11.2,15.6,5.6,2.0,200.0,1.6,62.0,140.0,940.0,460.0,1.6,15.0,140.0,0,Kegalle_50
100.285,11.2,26.0,5.6,5.0,200.0,1.6,62.0,140.0,940.0,460.0,1.6,15.0,140.0,0,Matale_19
105.60200000000002,11.2,26.0,5.6,5.0,200.0,1.6,62.0,140.0,940.0,460.0,1.6,15.0,140.0,0,Polonnaruwa_20
70.06800000000001,11.2,26.0,5.6,5.0,200.0,1.6,62.0,140.0,940.0,460.0,1.6,15.0,140.0,0,Vavuniya_39
104.905875,11.2,26.0,5.6,5.0,200.0,1.6,62.0,140.0,940.0,460.0,1.6,15.0,140.0,0,Kalutara_31
50.26800000000001,11.2,26.0,5.6,5.0,200.0,1.6,62.0,140.0,1316.0,276.0,1.6,15.0,140.0,0,Kalutara_56
84.785,11.2,26.0,5.6,5.0,200.0,1.6,62.0,140.0,940.0,460.0,1.6,15.0,140.0,0,Gampaha_28
60.740625,11.2,15.6,5.6,2.0,200.0,1.6,62.0,140.0,940.0,460.0,1.6,15.0,140.0,0,Kilinochchi_35
83.07225000000001,11.2,26.0,5.6,5.0,200.0,1.6,62.0,140.0,940.0,460.0,1.6,15.0,140.0,0,Nuwara Eliya_58
69.6025,11.2,26.0,5.6,5.0,200.0,1.6,62.0,140.0,940.0,460.0,1.6,15.0,140.0,0,Anuradhapura_58
83.11187500000001,11.2,26.0,5.6,5.0,200.0,1.6,62.0,140.0,940.0,460.0,1.6,15.0,140.0,0,Nuwara Eliya_37
68.154,11.2,26.0,5.6,5.0,200.0,1.6,62.0,140.0,940.0,460.0,1.6,15.0,140.0,0,Kilinochchi_63
72.39000000000001,11.2,26.0,5.6,5.0,200.0,1.6,62.0,140.0,940.0,460.0,1.6,15.0,140.0,0,Kegalle_40
83.28375000000001,11.2,26.0,5.6,5.0,200.0,1.6,62.0,140.0,940.0,460.0,1.6,15.0,140.0,0,Kegalle_29
95.96825000000001,11.2,26.0,5.6,5.0,200.0,1.6,62.0,140.0,940.0,460.0,1.6,15.0,140.0,0,Ratnapura_51
82.52975,11.2,26.0,5.6,5.0,200.0,1.6,62.0,140.0,940.0,460.0,1.6,15.0,140.0,0,Kurunegala_55
91.79875000000001,11.2,26.0,5.6,5.0,200.0,1.6,62.0,140.0,940.0,460.0,1.6,15.0,140.0,0,Kegalle_28
79.98,11.2,26.0,5.6,5.0,260.0,1.6,62.0,140.0,940.0,460.0,1.6,15.0,140.0,0,Kalutara_45
88.1795,11.2,26.0,5.6,5.0,200.0,1.6,62.0,140.0,940.0,460.0,1.6,15.0,140.0,0,Polonnaruwa_52
57.64,11.2,26.0,5.6,5.0,200.0,1.6,62.0,140.0,940.0,460.0,1.6,15.0,140.0,0,Puttalam_59
52.980000000000004,11.2,26.0,5.6,5.0,200.0,1.6,62.0,140.0,940.0,460.0,1.6,15.0,140.0,0,Vavuniya_50
65.32475000000001,11.2,26.0,5.6,5.0,200.0,1.6,62.0,140.0,1316.0,276.0,1.6,15.0,140.0,0,Matara_34
75.405,11.2,26.0,5.6,5.0,200.0,1.6,62.0,140.0,940.0,460.0,1.6,15.0,140.0,0,Mannar_59
72.09825000000001,11.2,26.0,5.6,5.0,200.0,1.6,62.0,140.0,940.0,460.0,1.6,15.0,140.0,0,Mannar_45
89.30625,11.2,26.0,5.6,5.0,200.0,1.6,62.0,140.0,940.0,460.0,1.6,15.0,140.0,0,Polonnaruwa_33
74.045625,11.2,26.0,5.6,5.0,200.0,1.6,62.0,140.0,940.0,460.0,1.6,15.0,140.0,0,Batticaloa_30
96.72,11.2,15.6,5.6,2.0,200.0,1.6,62.0,140.0,940.0,460.0,1.6,15.0,140.0,0,Kandy_31
125.704,11.2,26.0,5.6,5.0,200.0,1.6,62.0,140.0,940.0,460.0,1.6,15.0,140.0,0,Anuradhapura_29
75.99625,11.2,15.6,5.6,2.0,200.0,1.6,62.0,140.0,940.0,460.0,1.6,15.0,140.0,0,Matara_40
100.94700000000002,11.2,26.0,5.6,5.0,200.0,1.6,62.0,140.0,940.0,460.0,1.6,15.0,140.0,0,Kilinochchi_36
88.518375,11.2,26.0,5.6,5.0,260.0,1.6,62.0,140.0,940.0,460.0,1.6,15.0,140.0,0,Mannar_54
69.03,11.2,26.0,5.6,5.0,200.0,1.6,62.0,140.0,940.0,460.0,1.6,15.0,140.0,0,Trincomalee_45
64.590625,11.2,26.0,5.6,5.0,200.0,1.6,62.0,140.0,940.0,460.0,1.6,15.0,140.0,0,Colombo_43
97.464,11.2,26.0,5.6,5.0,200.0,1.6,62.0,140.0,1316.0,276.0,1.6,15.0,140.0,0,Anuradhapura_42
86.45125,11.2,26.0,5.6,5.0,260.0,1.6,62.0,140.0,940.0,460.0,1.6,15.0,140.0,0,Kalutara_29
85.25687500000001,11.2,26.0,5.6,5.0,200.0,1.6,62.0,140.0,940.0,460.0,1.6,15.0,140.0,0,Polonnaruwa_27
87.7895,11.2,26.0,5.6,5.0,200.0,1.6,62.0,140.0,940.0,460.0,1.6,15.0,140.0,0,Galle_30
108.94237500000001,11.2,26.0,5.6,5.0,200.0,1.6,62.0,140.0,940.0,460.0,1.6,15.0,140.0,0,Colombo_42
79.25500000000001,11.2,26.0,5.6,5.0,200.0,1.6,62.0,140.0,940.0,460.0,1.6,15.0,140.0,0,Nuwara Eliya_47
68.344375,11.2,26.0,5.6,5.0,200.0,1.6,62.0,140.0,940.0,460.0,1.6,15.0,140.0,0,Ratnapura_38
71.858,11.2,26.0,5.6,5.0,200.0,1.6,62.0,140.0,940.0,460.0,1.6,15.0,140.0,0,Mannar_52
76.902,11.2,15.6,5.6,2.0,200.0,1.6,62.0,140.0,940.0,460.0,1.6,15.0,140.0,0,Kalutara_46
96.77425000000002,11.2,26.0,5.6,5.0,200.0,1.6,62.0,140.0,940.0,460.0,1.6,15.0,140.0,0,Kalutara_26
87.45875000000001,11.2,26.0,5.6,5.0,200.0,1.6,62.0,140.0,940.0,460.0,1.6,15.0,140.0,0,Kurunegala_30
56.52600000000001,11.2,15.6,5.6,2.0,200.0,1.6,62.0,140.0,940.0,460.0,1.6,15.0,140.0,0,Mullaitivu_63
69.264,11.2,26.0,5.6,5.0,200.0,1.6,62.0,140.0,1316.0,276.0,1.6,15.0,140.0,0,Batticaloa_54
81.338125,11.2,26.0,5.6,5.0,200.0,1.6,62.0,140.0,940.0,460.0,1.6,15.0,140.0,0,Badulla_38
84.18,11.2,26.0,5.6,5.0,200.0,1.6,62.0,140.0,940.0,460.0,1.6,15.0,140.0,0,Jaffna_28
90.38137500000002,11.2,26.0,5.6,5.0,200.0,1.6,62.0,140.0,940.0,460.0,1.6,15.0,140.0,0,Kurunegala_33
113.97075000000002,11.2,26.0,5.6,5.0,200.0,1.6,62.0,140.0,940.0,460.0,1.6,15.0,140.0,0,Jaffna_25
84.71525,11.2,26.0,5.6,5.0,200.0,1.6,62.0,140.0,940.0,460.0,1.6,15.0,140.0,0,Polonnaruwa_35
67.662,11.2,26.0,5.6,5.0,200.0,1.6,62.0,140.0,940.0,460.0,1.6,15.0,140.0,0,Kilinochchi_45
64.13000000000001,11.2,26.0,5.6,5.0,200.0,1.6,62.0,140.0,940.0,460.0,1.6,15.0,140.0,0,Vavuniya_52
74.07125,11.2,26.0,5.6,5.0,200.0,1.6,62.0,140.0,940.0,460.0,1.6,15.0,140.0,0,Jaffna_28
65.003125,11.2,26.0,5.6,5.0,200.0,1.6,62.0,140.0,940.0,460.0,1.6,15.0,140.0,0,Galle_43
83.360625,11.2,26.0,5.6,5.0,200.0,1.6,62.0,140.0,940.0,460.0,1.6,15.0,140.0,0,Matara_50
78.74775,11.2,26.0,5.6,5.0,200.0,1.6,62.0,140.0,940.0,460.0,1.6,15.0,140.0,0,Mullaitivu_31
55.71,11.2,26.0,5.6,5.0,200.0,1.6,62.0,140.0,1316.0,276.0,1.6,15.0,140.0,0,Mullaitivu_45
72.400625,11.2,26.0,5.6,5.0,200.0,1.6,62.0,140.0,940.0,460.0,1.6,15.0,140.0,0,Vavuniya_36
50.352,11.2,26.0,5.6,5.0,200.0,1.6,62.0,140.0,1316.0,276.0,1.6,15.0,140.0,0,Ratnapura_54
72.168,11.2,26.0,5.6,5.0,200.0,1.6,62.0,140.0,940.0,460.0,1.6,15.0,140.0,0,Kurunegala_31
68.904,11.2,15.6,5.6,2.0,200.0,1.6,62.0,140.0,940.0,460.0,1.6,15.0,140.0,0,Monaragala_63
72.77250000000001,11.2,26.0,5.6,5.0,200.0,1.6,62.0,140.0,940.0,460.0,1.6,15.0,140.0,0,Kalutara_24
113.61712500000002,11.2,26.0,5.6,5.0,200.0,1.6,62.0,140.0,940.0,460.0,1.6,15.0,140.0,0,Hambantota_55
66.87,11.2,26.0,5.6,5.0,200.0,1.6,62.0,140.0,940.0,460.0,1.6,15.0,140.0,0,Puttalam_50
98.72725,11.2,26.0,5.6,5.0,200.0,1.6,62.0,140.0,940.0,460.0,1.6,15.0,140.0,0,Badulla_35
99.85875000000001,11.2,26.0,5.6,5.0,200.0,1.6,62.0,140.0,940.0,460.0,1.6,15.0,140.0,0,Kurunegala_27
64.47,11.2,15.6,5.6,2.0,200.0,1.6,62.0,140.0,940.0,460.0,1.6,15.0,140.0,0,Monaragala_60
61.503750000000004,11.2,26.0,5.6,5.0,200.0,1.6,62.0,140.0,940.0,460.0,1.6,15.0,140.0,0,Mannar_32
92.184,11.2,26.0,5.6,5.0,200.0,1.6,62.0,140.0,940.0,460.0,1.6,15.0,140.0,0,Vavuniya_46
81.6615,11.2,26.0,5.6,5.0,200.0,1.6,62.0,140.0,940.0,460.0,1.6,15.0,140.0,0,Batticaloa_29
52.449374999999996,11.2,26.0,5.6,5.0,200.0,1.6,62.0,140.0,940.0,460.0,1.6,15.0,140.0,0,Kalutara_63
55.158125000000005,11.2,26.0,5.6,5.0,200.0,1.6,62.0,140.0,940.0,460.0,1.6,15.0,140.0,0,Trincomalee_65
72.36175,11.2,26.0,5.6,5.0,260.0,1.6,62.0,140.0,940.0,460.0,1.6,15.0,140.0,0,Matale_44
83.049,11.2,26.0,5.6,5.0,200.0,1.6,62.0,140.0,940.0,460.0,1.6,15.0,140.0,0,Mullaitivu_33
61.48312500000001,11.2,26.0,5.6,5.0,200.0,1.6,62.0,140.0,940.0,460.0,1.6,15.0,140.0,0,Ampara_35
105.963,11.2,26.0,5.6,5.0,200.0,1.6,62.0,140.0,940.0,460.0,1.6,15.0,140.0,0,Jaffna_30
100.47262500000002,11.2,26.0,5.6,5.0,200.0,1.6,62.0,140.0,940.0,460.0,1.6,15.0,140.0,0,Kurunegala_39
52.739999999999995,11.2,15.6,5.6,2.0,260.0,1.6,62.0,140.0,940.0,460.0,1.6,15.0,140.0,0,Matale_57
75.06649999999999,11.2,26.0,5.6,5.0,200.0,1.6,62.0,140.0,940.0,460.0,1.6,15.0,140.0,0,Polonnaruwa_20
67.362,11.2,26.0,5.6,5.0,200.0,1.6,62.0,140.0,940.0,460.0,1.6,15.0,140.0,0,Kurunegala_38
87.35025,11.2,26.0,5.6,5.0,200.0,1.6,62.0,140.0,940.0,460.0,1.6,15.0,140.0,0,Jaffna_19
60.197500000000005,11.2,26.0,5.6,5.0,200.0,1.6,62.0,140.0,940.0,460.0,1.6,15.0,140.0,0,Ampara_53
84.61125000000001,11.2,26.0,5.6,5.0,200.0,1.6,62.0,140.0,940.0,460.0,1.6,15.0,140.0,0,Mullaitivu_28
104.86524999999999,11.2,26.0,5.6,5.0,200.0,1.6,62.0,140.0,940.0,460.0,1.6,15.0,140.0,0,Trincomalee_34
84.464625,11.2,26.0,5.6,5.0,200.0,1.6,62.0,140.0,940.0,460.0,1.6,15.0,140.0,0,Trincomalee_24
91.9925,11.2,26.0,5.6,5.0,200.0,1.6,62.0,140.0,1316.0,276.0,1.6,15.0,140.0,0,Kegalle_46
65.01475,11.2,26.0,5.6,5.0,200.0,1.6,62.0,140.0,940.0,460.0,1.6,15.0,140.0,0,Kalutara_32
66.204,11.2,26.0,5.6,5.0,200.0,1.6,62.0,140.0,940.0,460.0,1.6,15.0,140.0,0,Ampara_40
99.48400000000001,11.2,26.0,5.6,5.0,200.0,1.6,62.0,140.0,940.0,460.0,1.6,15.0,140.0,0,Hambantota_31
107.13975,11.2,26.0,5.6,5.0,260.0,1.6,62.0,140.0,940.0,460.0,1.6,15.0,140.0,0,Mullaitivu_42
66.605,11.2,26.0,5.6,5.0,200.0,1.6,62.0,140.0,940.0,460.0,1.6,15.0,140.0,0,Anuradhapura_55
107.73275000000001,11.2,26.0,5.6,5.0,200.0,1.6,62.0,140.0,940.0,460.0,1.6,15.0,140.0,0,Ampara_18
71.72550000000001,11.2,26.0,5.6,5.0,200.0,1.6,62.0,140.0,940.0,460.0,1.6,15.0,140.0,0,Jaffna_32
74.454,11.2,15.6,5.6,2.0,200.0,1.6,62.0,140.0,940.0,460.0,1.6,15.0,140.0,0,Ratnapura_53
63.078125,11.2,26.0,5.6,5.0,200.0,1.6,62.0,140.0,940.0,460.0,1.6,15.0,140.0,0,Vavuniya_32
93.28675000000001,11.2,26.0,5.6,5.0,200.0,1.6,62.0,140.0,940.0,460.0,1.6,15.0,140.0,0,Mullaitivu_38
79.12575000000001,11.2,26.0,5.6,5.0,200.0,1.6,62.0,140.0,940.0,460.0,1.6,15.0,140.0,0,Jaffna_31
75.48600000000002,11.2,26.0,5.6,5.0,200.0,1.6,62.0,140.0,940.0,460.0,1.6,15.0,140.0,0,Ratnapura_54
76.71725,11.2,15.6,5.6,2.0,200.0,1.6,62.0,140.0,940.0,460.0,1.6,15.0,140.0,0,Badulla_51
106.63950000000003,11.2,26.0,5.6,5.0,200.0,1.6,62.0,140.0,940.0,460.0,1.6,15.0,140.0,0,Colombo_34
41.82600000000001,11.2,26.0,5.6,5.0,200.0,1.6,62.0,140.0,940.0,460.0,1.6,15.0,140.0,0,Ratnapura_60
110.0575,11.2,26.0,5.6,5.0,200.0,1.6,62.0,140.0,940.0,460.0,1.6,15.0,140.0,0,Ampara_31
90.475,11.2,26.0,5.6,5.0,200.0,1.6,62.0,140.0,940.0,460.0,1.6,15.0,140.0,0,Hambantota_30
93.37200000000001,11.2,26.0,5.6,5.0,200.0,1.6,62.0,140.0,940.0,460.0,1.6,15.0,140.0,0,Kilinochchi_37
109.34775000000002,11.2,26.0,5.6,5.0,200.0,1.6,62.0,140.0,1316.0,276.0,1.6,15.0,140.0,0,Ampara_40
53.82000000000001,11.2,26.0,5.6,5.0,200.0,3.2,62.0,140.0,940.0,460.0,1.6,15.0,140.0,0,Puttalam_48
74.11800000000001,11.2,26.0,5.6,5.0,200.0,1.6,62.0,140.0,940.0,460.0,1.6,15.0,140.0,0,Badulla_41
68.0685,11.2,26.0,5.6,5.0,200.0,1.6,62.0,140.0,1316.0,276.0,1.6,15.0,140.0,0,Kilinochchi_52
97.36325000000002,11.2,26.0,5.6,5.0,200.0,1.6,62.0,140.0,940.0,460.0,1.6,15.0,140.0,0,Galle_22
51.06600000000001,11.2,26.0,5.6,5.0,200.0,1.6,62.0,140.0,940.0,460.0,1.6,15.0,140.0,0,Mannar_37
90.2215,11.2,26.0,5.6,5.0,200.0,1.6,62.0,140.0,940.0,460.0,1.6,15.0,140.0,0,Polonnaruwa_25
93.48050000000002,11.2,26.0,5.6,5.0,200.0,1.6,62.0,140.0,1316.0,276.0,1.6,15.0,140.0,0,Ratnapura_52
51.36600000000001,11.2,26.0,5.6,5.0,200.0,1.6,62.0,140.0,940.0,460.0,1.6,15.0,140.0,0,Gampaha_41
116.04075,11.2,26.0,5.6,5.0,200.0,1.6,62.0,140.0,940.0,460.0,1.6,15.0,140.0,0,Gampaha_19
87.62875,11.2,26.0,5.6,5.0,200.0,1.6,62.0,140.0,940.0,460.0,1.6,15.0,140.0,0,Gampaha_33
103.905375,11.2,26.0,5.6,5.0,200.0,1.6,62.0,140.0,940.0,460.0,1.6,15.0,140.0,0,Polonnaruwa_29
76.044375,11.2,26.0,5.6,5.0,200.0,1.6,62.0,140.0,940.0,460.0,1.6,15.0,140.0,0,Batticaloa_33
75.99625,11.2,26.0,5.6,5.0,200.0,1.6,62.0,140.0,940.0,460.0,1.6,15.0,140.0,0,Batticaloa_36
88.03537500000002,11.2,26.0,5.6,5.0,200.0,1.6,62.0,140.0,940.0,460.0,1.6,15.0,140.0,0,Galle_27
81.4625,11.2,26.0,5.6,5.0,200.0,1.6,62.0,140.0,940.0,460.0,1.6,15.0,140.0,0,Kurunegala_32
55.584375,11.2,26.0,5.6,5.0,200.0,1.6,62.0,140.0,940.0,460.0,1.6,15.0,140.0,0,Trincomalee_65
79.42,11.2,26.0,5.6,5.0,200.0,3.2,62.0,140.0,940.0,460.0,1.6,15.0,140.0,0,Monaragala_61
76.85675,11.2,26.0,5.6,5.0,260.0,1.6,62.0,140.0,940.0,460.0,1.6,15.0,140.0,0,Badulla_44
107.91600000000001,11.2,26.0,5.6,5.0,200.0,1.6,62.0,140.0,940.0,460.0,1.6,15.0,140.0,0,Batticaloa_27
60.225,11.2,15.6,5.6,2.0,200.0,1.6,62.0,140.0,940.0,460.0,1.6,15.0,140.0,0,Kalutara_43
59.8125,11.2,26.0,5.6,5.0,200.0,1.6,62.0,140.0,940.0,460.0,1.6,15.0,140.0,0,Batticaloa_38
56.010000000000005,11.2,26.0,5.6,5.0,200.0,1.6,62.0,140.0,940.0,460.0,1.6,15.0,140.0,0,Mannar_45
55.941875,11.2,26.0,5.6,5.0,200.0,1.6,62.0,140.0,1316.0,276.0,1.6,15.0,140.0,0,Puttalam_56
53.32800000000001,11.2,15.6,5.6,2.0,200.0,1.6,62.0,140.0,940.0,460.0,1.6,15.0,140.0,0,Polonnaruwa_49
107.40712500000002,11.2,26.0,5.6,5.0,200.0,1.6,62.0,140.0,940.0,460.0,1.6,15.0,140.0,0,Gampaha_27
74.19500000000001,11.2,26.0,5.6,5.0,200.0,1.6,62.0,140.0,940.0,460.0,1.6,15.0,140.0,0,Hambantota_55
91.35600000000001,11.2,26.0,5.6,5.0,200.0,1.6,62.0,140.0,940.0,460.0,1.6,15.0,140.0,0,Nuwara Eliya_32
71.01325,11.2,26.0,5.6,5.0,200.0,1.6,62.0,140.0,940.0,460.0,1.6,15.0,140.0,0,Galle_48
101.706,11.2,26.0,5.6,5.0,200.0,1.6,62.0,140.0,940.0,460.0,1.6,15.0,140.0,0,Ratnapura_31
102.92212500000001,11.2,26.0,5.6,5.0,200.0,1.6,62.0,140.0,940.0,460.0,1.6,15.0,140.0,0,Monaragala_31
83.66187500000001,11.2,26.0,5.6,5.0,200.0,1.6,62.0,140.0,940.0,460.0,1.6,15.0,140.0,0,Vavuniya_43
71.33875,11.2,15.6,5.6,2.0,200.0,1.6,62.0,140.0,940.0,460.0,1.6,15.0,140.0,0,Kalutara_31
78.648,11.2,26.0,5.6,5.0,200.0,1.6,62.0,140.0,940.0,460.0,1.6,15.0,140.0,0,Matara_41
69.006,11.2,26.0,5.6,5.0,200.0,1.6,62.0,140.0,940.0,460.0,1.6,15.0,140.0,0,Kilinochchi_53
68.550625,11.2,26.0,5.6,5.0,200.0,1.6,62.0,140.0,940.0,460.0,1.6,15.0,140.0,0,Batticaloa_38
71.61775,11.2,26.0,5.6,5.0,200.0,1.6,62.0,140.0,940.0,460.0,1.6,15.0,140.0,0,Matale_29
41.202,11.2,26.0,5.6,5.0,200.0,1.6,62.0,140.0,1316.0,276.0,1.6,15.0,140.0,0,Anuradhapura_56
89.72175000000001,11.2,26.0,5.6,5.0,200.0,1.6,62.0,140.0,940.0,460.0,1.6,15.0,140.0,0,Colombo_29
78.2925,11.2,26.0,5.6,5.0,200.0,1.6,62.0,140.0,940.0,460.0,1.6,15.0,140.0,0,Galle_64
77.983125,11.2,15.6,5.6,2.0,200.0,1.6,62.0,140.0,940.0,460.0,1.6,15.0,140.0,0,Hambantota_51
82.25250000000001,11.2,15.6,5.6,2.0,260.0,1.6,62.0,140.0,940.0,460.0,1.6,15.0,140.0,0,Ratnapura_48
120.14649999999999,11.2,26.0,5.6,5.0,200.0,1.6,62.0,140.0,940.0,460.0,1.6,15.0,140.0,0,Colombo_29
80.4605,11.2,26.0,5.6,5.0,200.0,1.6,62.0,140.0,940.0,460.0,1.6,15.0,140.0,0,Kurunegala_35
65.401875,11.2,26.0,5.6,5.0,200.0,1.6,62.0,140.0,940.0,460.0,1.6,15.0,140.0,0,Batticaloa_44
102.6,11.2,26.0,5.6,5.0,200.0,1.6,62.0,140.0,940.0,460.0,1.6,15.0,140.0,0,Matara_31
81.76500000000001,11.2,15.6,5.6,2.0,200.0,1.6,62.0,140.0,940.0,460.0,1.6,15.0,140.0,0,Nuwara Eliya_33
73.500625,11.2,26.0,5.6,5.0,200.0,1.6,62.0,140.0,940.0,460.0,1.6,15.0,140.0,0,Mannar_32
84.74950000000001,11.2,26.0,5.6,5.0,200.0,1.6,62.0,140.0,940.0,460.0,1.6,15.0,140.0,0,Kegalle_34
88.24925000000002,11.2,26.0,5.6,5.0,200.0,1.6,62.0,140.0,940.0,460.0,1.6,15.0,140.0,0,Gampaha_62
91.58025,11.2,26.0,5.6,5.0,200.0,1.6,62.0,140.0,1316.0,276.0,1.6,15.0,140.0,0,Vavuniya_39
110.64150000000002,11.2,26.0,5.6,5.0,200.0,1.6,62.0,140.0,940.0,460.0,1.6,15.0,140.0,0,Anuradhapura_43
78.427125,11.2,26.0,5.6,5.0,200.0,1.6,62.0,140.0,940.0,460.0,1.6,15.0,140.0,0,Matara_37
86.4435,11.2,26.0,5.6,5.0,200.0,1.6,62.0,140.0,940.0,460.0,1.6,15.0,140.0,0,Kilinochchi_30
69.97800000000001,11.2,26.0,5.6,5.0,200.0,1.6,62.0,140.0,940.0,460.0,1.6,15.0,140.0,0,Badulla_35
80.669625,11.2,26.0,5.6,5.0,200.0,1.6,62.0,140.0,940.0,460.0,1.6,15.0,140.0,0,Polonnaruwa_52
79.298,11.2,26.0,5.6,5.0,200.0,1.6,62.0,140.0,940.0,460.0,1.6,15.0,140.0,0,Kilinochchi_40
58.21750000000001,11.2,26.0,5.6,5.0,200.0,1.6,62.0,140.0,940.0,460.0,1.6,15.0,140.0,0,Kandy_57
70.571875,11.2,26.0,5.6,5.0,200.0,1.6,62.0,140.0,940.0,460.0,1.6,15.0,140.0,0,Kalutara_27
75.15825,11.2,26.0,5.6,5.0,260.0,1.6,62.0,140.0,940.0,460.0,1.6,15.0,140.0,0,Batticaloa_49
80.91,11.2,26.0,5.6,5.0,200.0,1.6,62.0,140.0,940.0,460.0,1.6,15.0,140.0,0,Trincomalee_45
82.77000000000001,11.2,26.0,5.6,5.0,200.0,1.6,62.0,140.0,940.0,460.0,1.6,15.0,140.0,0,Puttalam_25
72.964375,11.2,26.0,5.6,5.0,200.0,1.6,62.0,140.0,940.0,460.0,1.6,15.0,140.0,0,Nuwara Eliya_25
64.434,11.2,26.0,5.6,5.0,200.0,1.6,62.0,140.0,940.0,460.0,1.6,15.0,140.0,0,Kurunegala_40
112.32337500000001,11.2,26.0,5.6,5.0,200.0,1.6,62.0,140.0,940.0,460.0,1.6,15.0,140.0,0,Kalutara_44
92.01575000000001,11.2,26.0,5.6,5.0,200.0,1.6,62.0,140.0,940.0,460.0,1.6,15.0,140.0,0,Nuwara Eliya_23
83.75125,11.2,26.0,5.6,5.0,200.0,1.6,62.0,140.0,940.0,460.0,1.6,15.0,140.0,0,Gampaha_37
86.87750000000001,11.2,26.0,5.6,5.0,200.0,1.6,62.0,140.0,940.0,460.0,1.6,15.0,140.0,0,Puttalam_33
88.04775,11.2,26.0,5.6,5.0,200.0,1.6,62.0,140.0,940.0,460.0,1.6,15.0,140.0,0,Kandy_45
70.95,11.2,26.0,5.6,5.0,200.0,1.6,62.0,140.0,940.0,460.0,1.6,15.0,140.0,0,Mannar_25
74.33025,11.2,26.0,5.6,5.0,200.0,1.6,62.0,140.0,940.0,460.0,1.6,15.0,140.0,0,Jaffna_33
93.42600000000002,11.2,26.0,5.6,5.0,200.0,1.6,62.0,140.0,940.0,460.0,1.6,15.0,140.0,0,Gampaha_27
83.32025,11.2,15.6,5.6,2.0,200.0,1.6,62.0,140.0,940.0,460.0,1.6,15.0,140.0,0,Trincomalee_54
63.69000000000001,11.2,26.0,5.6,5.0,200.0,1.6,62.0,140.0,940.0,460.0,1.6,15.0,140.0,0,Badulla_51
96.96025,11.2,15.6,5.6,2.0,200.0,1.6,62.0,140.0,940.0,460.0,1.6,15.0,140.0,0,Colombo_32
66.59575,11.2,26.0,5.6,5.0,200.0,1.6,62.0,140.0,940.0,460.0,1.6,15.0,140.0,0,Kurunegala_30
97.45387500000001,11.2,26.0,5.6,5.0,200.0,1.6,62.0,140.0,940.0,460.0,1.6,15.0,140.0,0,Kandy_32
69.138,11.2,26.0,5.6,5.0,200.0,1.6,62.0,140.0,940.0,460.0,1.6,15.0,140.0,0,Hambantota_61
108.7655,11.2,26.0,5.6,5.0,200.0,1.6,62.0,140.0,940.0,460.0,1.6,15.0,140.0,0,Gampaha_19
82.396875,11.2,26.0,5.6,5.0,200.0,1.6,62.0,140.0,940.0,460.0,1.6,15.0,140.0,0,Gampaha_37
110.599,11.2,26.0,5.6,5.0,200.0,1.6,62.0,140.0,940.0,460.0,1.6,15.0,140.0,0,Mannar_30
89.91550000000002,11.2,15.6,5.6,2.0,200.0,1.6,62.0,140.0,940.0,460.0,1.6,15.0,140.0,0,Mullaitivu_43
69.132,11.2,26.0,5.6,5.0,200.0,1.6,62.0,140.0,940.0,460.0,1.6,15.0,140.0,0,Kandy_43
84.45250000000001,11.2,26.0,5.6,5.0,200.0,1.6,62.0,140.0,940.0,460.0,1.6,15.0,140.0,0,Puttalam_49
95.06925000000001,11.2,26.0,5.6,5.0,200.0,1.6,62.0,140.0,940.0,460.0,1.6,15.0,140.0,0,Gampaha_27
92.090625,11.2,15.6,5.6,2.0,200.0,1.6,62.0,140.0,1316.0,276.0,1.6,15.0,140.0,0,Nuwara Eliya_58
80.928375,11.2,26.0,5.6,5.0,200.0,1.6,62.0,140.0,940.0,460.0,1.6,15.0,140.0,0,Puttalam_41
110.2275,11.2,26.0,5.6,5.0,200.0,1.6,62.0,140.0,940.0,460.0,1.6,15.0,140.0,0,Monaragala_47
95.304,11.2,26.0,5.6,5.0,200.0,3.2,62.0,140.0,940.0,460.0,1.6,15.0,140.0,0,Kilinochchi_25
52.8275,11.2,15.6,5.6,2.0,200.0,1.6,62.0,140.0,940.0,460.0,1.6,15.0,140.0,0,Matale_60
82.998375,11.2,26.0,5.6,5.0,200.0,1.6,62.0,140.0,940.0,460.0,1.6,15.0,140.0,0,Kalutara_18
64.218,11.2,26.0,5.6,5.0,200.0,3.2,62.0,140.0,940.0,460.0,1.6,15.0,140.0,0,Ratnapura_58
59.620000000000005,11.2,26.0,5.6,5.0,200.0,1.6,62.0,140.0,940.0,460.0,1.6,15.0,140.0,0,Kurunegala_39
115.618125,11.2,26.0,5.6,5.0,200.0,1.6,62.0,140.0,940.0,460.0,1.6,15.0,140.0,0,Badulla_28
107.70900000000002,11.2,26.0,5.6,5.0,260.0,1.6,62.0,140.0,940.0,460.0,1.6,15.0,140.0,0,Batticaloa_33
66.67375000000001,11.2,26.0,5.6,5.0,200.0,1.6,62.0,140.0,940.0,460.0,1.6,15.0,140.0,0,Kegalle_26
98.46375,11.2,26.0,5.6,5.0,200.0,1.6,62.0,140.0,940.0,460.0,1.6,15.0,140.0,0,Kilinochchi_33
81.888125,11.2,26.0,5.6,5.0,200.0,1.6,62.0,140.0,940.0,460.0,1.6,15.0,140.0,0,Kilinochchi_55
99.33950000000002,11.2,26.0,5.6,5.0,200.0,1.6,62.0,140.0,940.0,460.0,1.6,15.0,140.0,0,Batticaloa_29
45.708000000000006,11.2,26.0,5.6,5.0,200.0,1.6,62.0,140.0,940.0,460.0,1.6,15.0,140.0,0,Puttalam_59
50.88600000000001,11.2,26.0,5.6,5.0,200.0,1.6,62.0,140.0,940.0,460.0,1.6,15.0,140.0,0,Galle_50
59.9225,11.2,26.0,5.6,5.0,260.0,1.6,62.0,140.0,940.0,460.0,1.6,15.0,140.0,0,Ratnapura_54
64.686,11.2,26.0,5.6,5.0,200.0,1.6,62.0,140.0,940.0,460.0,1.6,15.0,140.0,0,Kandy_63
69.998,11.2,26.0,5.6,5.0,200.0,1.6,62.0,140.0,940.0,460.0,1.6,15.0,140.0,0,Anuradhapura_46
79.03087500000001,11.2,26.0,5.6,5.0,200.0,1.6,62.0,140.0,940.0,460.0,1.6,15.0,140.0,0,Kilinochchi_23
81.38625,11.2,26.0,5.6,5.0,200.0,1.6,62.0,140.0,940.0,460.0,1.6,15.0,140.0,0,Monaragala_26
108.60600000000002,11.2,26.0,5.6,5.0,200.0,1.6,62.0,140.0,940.0,460.0,1.6,15.0,140.0,0,Gampaha_26
78.49975,11.2,26.0,5.6,5.0,200.0,1.6,62.0,140.0,940.0,460.0,1.6,15.0,140.0,0,Trincomalee_29
93.04650000000001,11.2,26.0,5.6,5.0,200.0,1.6,62.0,140.0,940.0,460.0,1.6,15.0,140.0,0,Kandy_49
83.16525,11.2,26.0,5.6,5.0,200.0,1.6,62.0,140.0,940.0,460.0,1.6,15.0,140.0,0,Colombo_28
72.881,11.2,26.0,5.6,5.0,200.0,3.2,62.0,140.0,940.0,460.0,1.6,15.0,140.0,0,Colombo_36
84.81825,11.2,26.0,5.6,5.0,200.0,1.6,62.0,140.0,940.0,460.0,1.6,15.0,140.0,0,Galle_18
85.65487500000002,11.2,26.0,5.6,5.0,200.0,1.6,62.0,140.0,940.0,460.0,1.6,15.0,140.0,0,Badulla_26
54.917500000000004,11.2,26.0,5.6,5.0,200.0,1.6,62.0,140.0,940.0,460.0,1.6,15.0,140.0,0,Mullaitivu_43
98.173,11.2,26.0,5.6,5.0,200.0,1.6,62.0,140.0,940.0,460.0,1.6,15.0,140.0,0,Puttalam_33
68.53687500000001,11.2,26.0,5.6,5.0,200.0,1.6,62.0,140.0,940.0,460.0,1.6,15.0,140.0,0,Polonnaruwa_23
70.42425,11.2,26.0,5.6,5.0,200.0,1.6,62.0,140.0,940.0,460.0,1.6,15.0,140.0,0,Badulla_51
96.586875,11.2,15.6,5.6,2.0,200.0,1.6,62.0,140.0,940.0,460.0,1.6,15.0,140.0,0,Trincomalee_53
111.79725,11.2,26.0,5.6,5.0,200.0,1.6,62.0,140.0,940.0,460.0,1.6,15.0,140.0,0,Anuradhapura_32
51.882000000000005,11.2,15.6,5.6,2.0,260.0,1.6,62.0,140.0,940.0,460.0,1.6,15.0,140.0,0,Anuradhapura_53
67.134375,11.2,26.0,5.6,5.0,200.0,1.6,62.0,140.0,940.0,460.0,1.6,15.0,140.0,0,Mullaitivu_20
82.18875,11.2,26.0,5.6,5.0,200.0,1.6,62.0,140.0,940.0,460.0,1.6,15.0,140.0,0,Nuwara Eliya_23
92.791875,11.2,15.6,5.6,2.0,200.0,1.6,62.0,140.0,940.0,460.0,1.6,15.0,140.0,0,Batticaloa_47
124.678,11.2,26.0,5.6,5.0,200.0,1.6,62.0,140.0,940.0,460.0,1.6,15.0,140.0,0,Mullaitivu_19
108.13162500000001,11.2,26.0,5.6,5.0,200.0,1.6,62.0,140.0,940.0,460.0,1.6,15.0,140.0,0,Badulla_32
83.83950000000002,11.2,15.6,5.6,2.0,200.0,1.6,62.0,140.0,940.0,460.0,1.6,15.0,140.0,0,Matara_49
74.14000000000001,11.2,26.0,5.6,5.0,200.0,1.6,62.0,140.0,940.0,460.0,1.6,15.0,140.0,0,Mannar_60
102.21487500000002,11.2,26.0,5.6,5.0,200.0,3.2,62.0,140.0,940.0,460.0,1.6,15.0,140.0,0,Kegalle_18
49.128,11.2,26.0,5.6,5.0,200.0,1.6,62.0,140.0,940.0,460.0,1.6,15.0,140.0,0,Monaragala_44
104.53500000000001,11.2,26.0,5.6,5.0,200.0,1.6,62.0,140.0,940.0,460.0,1.6,15.0,140.0,0,Puttalam_30
76.10625,11.2,26.0,5.6,5.0,200.0,1.6,62.0,140.0,940.0,460.0,1.6,15.0,140.0,0,Nuwara Eliya_22
90.30700000000002,11.2,26.0,5.6,5.0,200.0,1.6,62.0,140.0,940.0,460.0,1.6,15.0,140.0,0,Hambantota_24
105.33712499999999,11.2,15.6,5.6,2.0,200.0,1.6,62.0,140.0,940.0,460.0,1.6,15.0,140.0,0,Ampara_43
72.84,11.2,26.0,5.6,5.0,200.0,1.6,62.0,140.0,940.0,460.0,1.6,15.0,140.0,0,Kilinochchi_60
57.00600000000001,11.2,26.0,5.6,5.0,200.0,1.6,62.0,140.0,940.0,460.0,1.6,15.0,140.0,0,Ratnapura_40
91.6515,11.2,26.0,5.6,5.0,200.0,1.6,62.0,140.0,940.0,460.0,1.6,15.0,140.0,0,Kalutara_33
99.04950000000001,11.2,26.0,5.6,5.0,200.0,1.6,62.0,140.0,940.0,460.0,1.6,15.0,140.0,0,Anuradhapura_52
81.40275,11.2,26.0,5.6,5.0,200.0,1.6,62.0,140.0,940.0,460.0,1.6,15.0,140.0,0,Colombo_43
104.89725000000001,11.2,26.0,5.6,5.0,200.0,1.6,62.0,140.0,1316.0,276.0,1.6,15.0,140.0,0,Monaragala_40
90.06225,11.2,26.0,5.6,5.0,200.0,1.6,62.0,140.0,940.0,460.0,1.6,15.0,140.0,0,Nuwara Eliya_29
57.257000000000005,11.2,26.0,5.6,5.0,200.0,1.6,62.0,140.0,1316.0,276.0,1.6,15.0,140.0,0,Nuwara Eliya_54
105.13012500000002,11.2,26.0,5.6,5.0,200.0,1.6,62.0,140.0,940.0,460.0,1.6,15.0,140.0,0,Vavuniya_22
102.28387500000001,11.2,26.0,5.6,5.0,200.0,1.6,62.0,140.0,940.0,460.0,1.6,15.0,140.0,0,Ampara_18
91.870625,11.2,26.0,5.6,5.0,200.0,1.6,62.0,140.0,940.0,460.0,1.6,15.0,140.0,0,Kegalle_50
88.046,11.2,26.0,5.6,5.0,200.0,1.6,62.0,140.0,940.0,460.0,1.6,15.0,140.0,0,Gampaha_32
80.01125,11.2,15.6,5.6,2.0,200.0,1.6,62.0,140.0,940.0,460.0,1.6,15.0,140.0,0,Galle_41
67.854,11.2,15.6,5.6,2.0,200.0,1.6,62.0,140.0,940.0,460.0,1.6,15.0,140.0,0,Batticaloa_50
116.128,11.2,26.0,5.6,5.0,200.0,1.6,62.0,140.0,940.0,460.0,1.6,15.0,140.0,0,Kalutara_26
55.980000000000004,11.2,26.0,5.6,5.0,200.0,1.6,62.0,140.0,940.0,460.0,1.6,15.0,140.0,0,Kilinochchi_45
93.04650000000001,11.2,15.6,5.6,2.0,200.0,1.6,62.0,140.0,940.0,460.0,1.6,15.0,140.0,0,Matara_49
126.5115,11.2,26.0,5.6,5.0,200.0,1.6,62.0,140.0,940.0,460.0,1.6,15.0,140.0,0,Colombo_31
106.25137500000001,11.2,26.0,5.6,5.0,200.0,1.6,62.0,140.0,940.0,460.0,1.6,15.0,140.0,0,Kandy_18
98.6955,11.2,26.0,5.6,5.0,200.0,1.6,62.0,140.0,940.0,460.0,1.6,15.0,140.0,0,Jaffna_26
69.084,11.2,26.0,5.6,5.0,200.0,1.6,62.0,140.0,1316.0,276.0,1.6,15.0,140.0,0,Batticaloa_40
69.485625,11.2,26.0,5.6,5.0,200.0,1.6,62.0,140.0,940.0,460.0,1.6,15.0,140.0,0,Galle_28
91.62825000000001,11.2,26.0,5.6,5.0,200.0,3.2,62.0,140.0,940.0,460.0,1.6,15.0,140.0,0,Galle_46
77.3575,11.2,15.6,5.6,2.0,200.0,1.6,62.0,140.0,940.0,460.0,1.6,15.0,140.0,0,Nuwara Eliya_62
113.4775,11.2,15.6,5.6,2.0,260.0,1.6,62.0,140.0,940.0,460.0,1.6,15.0,140.0,0,Matale_34
99.0915,11.2,26.0,5.6,5.0,200.0,1.6,62.0,140.0,940.0,460.0,1.6,15.0,140.0,0,Puttalam_37
116.7835,11.2,26.0,5.6,5.0,200.0,1.6,62.0,140.0,940.0,460.0,1.6,15.0,140.0,0,Matara_25
88.625625,11.2,26.0,5.6,5.0,200.0,1.6,62.0,140.0,940.0,460.0,1.6,15.0,140.0,0,Galle_44
101.09100000000001,11.2,26.0,5.6,5.0,200.0,1.6,62.0,140.0,940.0,460.0,1.6,15.0,140.0,0,Mullaitivu_32
84.41300000000001,11.2,26.0,5.6,5.0,260.0,1.6,62.0,140.0,940.0,460.0,1.6,15.0,140.0,0,Kegalle_50
101.42425000000001,11.2,26.0,5.6,5.0,200.0,1.6,62.0,140.0,940.0,460.0,1.6,15.0,140.0,0,Kilinochchi_34
66.86625000000001,11.2,26.0,5.6,5.0,200.0,1.6,62.0,140.0,940.0,460.0,1.6,15.0,140.0,0,Ratnapura_39
72.31525,11.2,26.0,5.6,5.0,200.0,1.6,62.0,140.0,940.0,460.0,1.6,15.0,140.0,0,Batticaloa_19
103.65450000000001,11.2,26.0,5.6,5.0,200.0,1.6,62.0,140.0,940.0,460.0,1.6,15.0,140.0,0,Kandy_22
59.015,11.2,26.0,5.6,5.0,200.0,1.6,62.0,140.0,940.0,460.0,1.6,15.0,140.0,0,Monaragala_20
92.54625000000001,11.2,15.6,5.6,2.0,200.0,1.6,62.0,140.0,940.0,460.0,1.6,15.0,140.0,0,Badulla_32
89.3285,11.2,26.0,5.6,5.0,200.0,1.6,62.0,140.0,940.0,460.0,1.6,15.0,140.0,0,Hambantota_34
61.814,11.2,26.0,5.6,5.0,200.0,1.6,62.0,140.0,1316.0,276.0,1.6,15.0,140.0,0,Trincomalee_55
104.6095,11.2,26.0,5.6,5.0,200.0,1.6,62.0,140.0,940.0,460.0,1.6,15.0,140.0,0,Hambantota_43
42.978,11.2,26.0,5.6,5.0,200.0,1.6,62.0,140.0,940.0,460.0,1.6,15.0,140.0,0,Matale_60
75.30675000000001,11.2,26.0,5.6,5.0,200.0,1.6,62.0,140.0,940.0,460.0,1.6,15.0,140.0,0,Mannar_29
85.29262500000002,11.2,26.0,5.6,5.0,200.0,1.6,62.0,140.0,940.0,460.0,1.6,15.0,140.0,0,Kegalle_19
83.45550000000001,11.2,26.0,5.6,5.0,200.0,1.6,62.0,140.0,940.0,460.0,1.6,15.0,140.0,0,Vavuniya_34
66.13850000000001,11.2,26.0,5.6,5.0,200.0,1.6,62.0,140.0,940.0,460.0,1.6,15.0,140.0,0,Badulla_65
73.20037500000001,11.2,26.0,5.6,5.0,200.0,1.6,62.0,140.0,940.0,460.0,1.6,15.0,140.0,0,Badulla_55
68.0625,11.2,26.0,5.6,5.0,200.0,1.6,62.0,140.0,1316.0,276.0,1.6,15.0,140.0,0,Ratnapura_25
67.308,11.2,26.0,5.6,5.0,200.0,1.6,62.0,140.0,940.0,460.0,1.6,15.0,140.0,0,Kurunegala_49
50.88,11.2,15.6,5.6,2.0,200.0,1.6,62.0,140.0,940.0,460.0,1.6,15.0,140.0,0,Mannar_54
56.354375000000005,11.2,15.6,5.6,2.0,200.0,1.6,62.0,140.0,940.0,460.0,1.6,15.0,140.0,0,Kegalle_50
97.16925,11.2,26.0,5.6,5.0,200.0,1.6,62.0,140.0,940.0,460.0,1.6,15.0,140.0,0,Matara_38
109.77037500000002,11.2,26.0,5.6,5.0,200.0,1.6,62.0,140.0,940.0,460.0,1.6,15.0,140.0,0,Mullaitivu_33
51.67800000000001,11.2,15.6,5.6,2.0,200.0,1.6,62.0,140.0,940.0,460.0,1.6,15.0,140.0,0,Vavuniya_65
79.42687500000001,11.2,26.0,5.6,5.0,200.0,1.6,62.0,140.0,940.0,460.0,1.6,15.0,140.0,0,Gampaha_29
69.0835,11.2,26.0,5.6,5.0,200.0,3.2,62.0,140.0,940.0,460.0,1.6,15.0,140.0,0,Colombo_46
66.78175000000002,11.2,26.0,5.6,5.0,200.0,1.6,62.0,140.0,940.0,460.0,1.6,15.0,140.0,0,Kandy_54
56.970000000000006,11.2,26.0,5.6,5.0,200.0,1.6,62.0,140.0,940.0,460.0,1.6,15.0,140.0,0,Gampaha_36
64.06925000000001,11.2,26.0,5.6,5.0,200.0,1.6,62.0,140.0,940.0,460.0,1.6,15.0,140.0,0,Nuwara Eliya_52
77.75575,11.2,26.0,5.6,5.0,260.0,1.6,62.0,140.0,940.0,460.0,1.6,15.0,140.0,0,Hambantota_47
106.69425000000001,11.2,26.0,5.6,5.0,200.0,1.6,62.0,140.0,940.0,460.0,1.6,15.0,140.0,0,Kalutara_29
108.52325,11.2,26.0,5.6,5.0,200.0,1.6,62.0,140.0,940.0,460.0,1.6,15.0,140.0,0,Matale_34
70.64750000000001,11.2,26.0,5.6,5.0,200.0,1.6,62.0,140.0,940.0,460.0,1.6,15.0,140.0,0,Badulla_34
86.43937500000001,11.2,26.0,5.6,5.0,200.0,1.6,62.0,140.0,940.0,460.0,1.6,15.0,140.0,0,Hambantota_28
74.53175000000002,11.2,26.0,5.6,5.0,200.0,1.6,62.0,140.0,940.0,460.0,1.6,15.0,140.0,0,Kandy_29
73.761875,11.2,26.0,5.6,5.0,200.0,1.6,62.0,140.0,940.0,460.0,1.6,15.0,140.0,0,Matale_31
77.42625000000001,11.2,26.0,5.6,5.0,200.0,1.6,62.0,140.0,940.0,460.0,1.6,15.0,140.0,0,Nuwara Eliya_26
84.64575,11.2,26.0,5.6,5.0,200.0,1.6,62.0,140.0,940.0,460.0,1.6,15.0,140.0,0,Anuradhapura_24
95.72800000000002,11.2,26.0,5.6,5.0,200.0,1.6,62.0,140.0,940.0,460.0,1.6,15.0,140.0,0,Matara_34
58.266000000000005,11.2,26.0,5.6,5.0,200.0,1.6,62.0,140.0,940.0,460.0,1.6,15.0,140.0,0,Monaragala_50
75.9,11.2,15.6,5.6,2.0,200.0,1.6,62.0,140.0,940.0,460.0,1.6,15.0,140.0,0,Trincomalee_51
77.29075,11.2,26.0,5.6,5.0,200.0,1.6,62.0,140.0,940.0,460.0,1.6,15.0,140.0,0,Polonnaruwa_65
81.03562500000001,11.2,26.0,5.6,5.0,200.0,1.6,62.0,140.0,940.0,460.0,1.6,15.0,140.0,0,Anuradhapura_46
66.74300000000001,11.2,26.0,5.6,5.0,200.0,1.6,62.0,140.0,940.0,460.0,1.6,15.0,140.0,0,Nuwara Eliya_35
75.17550000000001,11.2,26.0,5.6,5.0,200.0,1.6,62.0,140.0,940.0,460.0,1.6,15.0,140.0,0,Jaffna_23
70.63375,11.2,26.0,5.6,5.0,200.0,1.6,62.0,140.0,940.0,460.0,1.6,15.0,140.0,0,Matale_52
45.852,11.2,26.0,5.6,5.0,200.0,1.6,62.0,140.0,940.0,460.0,1.6,15.0,140.0,0,Anuradhapura_59
78.4145,11.2,26.0,5.6,5.0,200.0,1.6,62.0,140.0,940.0,460.0,1.6,15.0,140.0,0,Hambantota_24
57.653999999999996,11.2,15.6,5.6,2.0,200.0,3.2,62.0,140.0,940.0,460.0,1.6,15.0,140.0,0,Galle_52
104.12,11.2,26.0,5.6,5.0,200.0,1.6,62.0,140.0,940.0,460.0,1.6,15.0,140.0,0,Kegalle_29
64.182,11.2,26.0,5.6,5.0,200.0,1.6,62.0,140.0,940.0,460.0,1.6,15.0,140.0,0,Nuwara Eliya_54
103.95075000000001,11.2,15.6,5.6,2.0,200.0,1.6,62.0,140.0,940.0,460.0,1.6,15.0,140.0,0,Mullaitivu_45
73.49325,11.2,26.0,5.6,5.0,200.0,1.6,62.0,140.0,940.0,460.0,1.6,15.0,140.0,0,Batticaloa_28
84.32775000000001,11.2,26.0,5.6,5.0,200.0,1.6,62.0,140.0,940.0,460.0,1.6,15.0,140.0,0,Kandy_32
108.04275,11.2,26.0,5.6,5.0,260.0,1.6,62.0,140.0,940.0,460.0,1.6,15.0,140.0,0,Kilinochchi_24
96.38700000000001,11.2,26.0,5.6,5.0,200.0,1.6,62.0,140.0,940.0,460.0,1.6,15.0,140.0,0,Nuwara Eliya_20
86.43937500000001,11.2,26.0,5.6,5.0,200.0,1.6,62.0,140.0,940.0,460.0,1.6,15.0,140.0,0,Matara_54
65.91,11.2,26.0,5.6,5.0,200.0,1.6,62.0,140.0,940.0,460.0,1.6,15.0,140.0,0,Vavuniya_53
77.02062500000001,11.2,26.0,5.6,5.0,200.0,3.2,62.0,140.0,940.0,460.0,1.6,15.0,140.0,0,Batticaloa_60
64.84425000000002,11.2,26.0,5.6,5.0,200.0,1.6,62.0,140.0,1316.0,276.0,1.6,15.0,140.0,0,Matale_46
58.674,11.2,26.0,5.6,5.0,200.0,1.6,62.0,140.0,940.0,460.0,1.6,15.0,140.0,0,Mannar_44
76.29675,11.2,26.0,5.6,5.0,200.0,1.6,62.0,140.0,940.0,460.0,1.6,15.0,140.0,0,Anuradhapura_25
90.20250000000001,11.2,26.0,5.6,5.0,200.0,1.6,62.0,140.0,940.0,460.0,1.6,15.0,140.0,0,Colombo_28
74.97350000000002,11.2,26.0,5.6,5.0,200.0,1.6,62.0,140.0,940.0,460.0,1.6,15.0,140.0,0,Kurunegala_31
56.292500000000004,11.2,26.0,5.6,5.0,200.0,1.6,62.0,140.0,1316.0,276.0,1.6,15.0,140.0,0,Kurunegala_65
129.72250000000003,11.2,26.0,5.6,5.0,200.0,1.6,62.0,140.0,940.0,460.0,1.6,15.0,140.0,0,Trincomalee_24
73.34937500000001,11.2,26.0,5.6,5.0,200.0,1.6,62.0,140.0,940.0,460.0,1.6,15.0,140.0,0,Anuradhapura_19
98.9985,11.2,26.0,5.6,5.0,200.0,1.6,62.0,140.0,940.0,460.0,1.6,15.0,140.0,0,Kandy_31
72.94200000000001,11.2,26.0,5.6,5.0,200.0,1.6,62.0,140.0,940.0,460.0,1.6,15.0,140.0,0,Matale_37
72.67425,11.2,26.0,5.6,5.0,200.0,1.6,62.0,140.0,940.0,460.0,1.6,15.0,140.0,0,Matara_54
80.00325000000001,11.2,26.0,5.6,5.0,200.0,1.6,62.0,140.0,940.0,460.0,1.6,15.0,140.0,0,Matale_41
81.4825,11.2,26.0,5.6,5.0,200.0,1.6,62.0,140.0,940.0,460.0,1.6,15.0,140.0,0,Monaragala_31
76.935,11.2,26.0,5.6,5.0,200.0,1.6,62.0,140.0,940.0,460.0,1.6,15.0,140.0,0,Galle_23
69.04475000000001,11.2,15.6,5.6,2.0,200.0,1.6,62.0,140.0,940.0,460.0,1.6,15.0,140.0,0,Polonnaruwa_50
62.748125,11.2,26.0,5.6,5.0,200.0,1.6,62.0,140.0,940.0,460.0,1.6,15.0,140.0,0,Kalutara_20
58.50625,11.2,15.6,5.6,2.0,200.0,1.6,62.0,140.0,1316.0,276.0,1.6,15.0,140.0,0,Kegalle_44
78.2375,11.2,26.0,5.6,5.0,200.0,1.6,62.0,140.0,940.0,460.0,1.6,15.0,140.0,0,Matara_52
44.55,11.2,26.0,5.6,5.0,200.0,1.6,62.0,140.0,940.0,460.0,1.6,15.0,140.0,0,Nuwara Eliya_62
87.89737500000001,11.2,26.0,5.6,5.0,200.0,1.6,62.0,140.0,940.0,460.0,1.6,15.0,140.0,0,Vavuniya_26
78.31500000000001,11.2,26.0,5.6,5.0,200.0,1.6,62.0,140.0,940.0,460.0,1.6,15.0,140.0,0,Nuwara Eliya_21
59.93850000000001,11.2,26.0,5.6,5.0,260.0,1.6,62.0,140.0,940.0,460.0,1.6,15.0,140.0,0,Kegalle_58
133.304,11.2,26.0,5.6,5.0,200.0,1.6,62.0,140.0,940.0,460.0,1.6,15.0,140.0,0,Mannar_34
58.698750000000004,11.2,15.6,5.6,2.0,200.0,1.6,62.0,140.0,940.0,460.0,1.6,15.0,140.0,0,Nuwara Eliya_65
68.93625,11.2,26.0,5.6,5.0,200.0,1.6,62.0,140.0,940.0,460.0,1.6,15.0,140.0,0,Kalutara_35
68.619375,11.2,26.0,5.6,5.0,200.0,1.6,62.0,140.0,940.0,460.0,1.6,15.0,140.0,0,Vavuniya_28
111.19350000000001,11.2,26.0,5.6,5.0,200.0,1.6,62.0,140.0,940.0,460.0,1.6,15.0,140.0,0,Galle_31
70.19175,11.2,26.0,5.6,5.0,200.0,1.6,62.0,140.0,940.0,460.0,1.6,15.0,140.0,0,Kilinochchi_55
56.45399999999999,11.2,26.0,5.6,5.0,200.0,1.6,62.0,140.0,940.0,460.0,1.6,15.0,140.0,0,Monaragala_36
70.773,11.2,26.0,5.6,5.0,200.0,1.6,62.0,140.0,940.0,460.0,1.6,15.0,140.0,0,Matale_25
75.17125000000001,11.2,26.0,5.6,5.0,200.0,1.6,62.0,140.0,940.0,460.0,1.6,15.0,140.0,0,Kandy_30
58.12800000000001,11.2,15.6,5.6,2.0,200.0,1.6,62.0,140.0,940.0,460.0,1.6,15.0,140.0,0,Jaffna_41
60.740625,11.2,26.0,5.6,5.0,200.0,1.6,62.0,140.0,940.0,460.0,1.6,15.0,140.0,0,Colombo_52
79.9975,11.2,26.0,5.6,5.0,200.0,1.6,62.0,140.0,940.0,460.0,1.6,15.0,140.0,0,Gampaha_27
68.634,11.2,26.0,5.6,5.0,200.0,1.6,62.0,140.0,1316.0,276.0,1.6,15.0,140.0,0,Puttalam_31
101.317875,11.2,26.0,5.6,5.0,200.0,1.6,62.0,140.0,940.0,460.0,1.6,15.0,140.0,0,Vavuniya_28
87.71450000000002,11.2,26.0,5.6,5.0,200.0,1.6,62.0,140.0,940.0,460.0,1.6,15.0,140.0,0,Badulla_40
93.68200000000002,11.2,26.0,5.6,5.0,200.0,1.6,62.0,140.0,940.0,460.0,1.6,15.0,140.0,0,Monaragala_20
91.72125000000001,11.2,26.0,5.6,5.0,200.0,3.2,62.0,140.0,940.0,460.0,1.6,15.0,140.0,0,Badulla_24
78.22850000000001,11.2,15.6,5.6,2.0,200.0,1.6,62.0,140.0,940.0,460.0,1.6,15.0,140.0,0,Kandy_63
72.99875,11.2,15.6,5.6,2.0,200.0,1.6,62.0,140.0,940.0,460.0,1.6,15.0,140.0,0,Kurunegala_57
51.972,11.2,26.0,5.6,5.0,200.0,1.6,62.0,140.0,940.0,460.0,1.6,15.0,140.0,0,Kalutara_62
66.30250000000001,11.2,26.0,5.6,5.0,200.0,1.6,62.0,140.0,940.0,460.0,1.6,15.0,140.0,0,Kilinochchi_37
91.46812500000001,11.2,26.0,5.6,5.0,200.0,3.2,62.0,140.0,940.0,460.0,1.6,15.0,140.0,0,Trincomalee_32
95.5575,11.2,26.0,5.6,5.0,200.0,1.6,62.0,140.0,940.0,460.0,1.6,15.0,140.0,0,Monaragala_39
83.730625,11.2,26.0,5.6,5.0,200.0,1.6,62.0,140.0,940.0,460.0,1.6,15.0,140.0,0,Ratnapura_35
96.24450000000002,11.2,26.0,5.6,5.0,200.0,1.6,62.0,140.0,940.0,460.0,1.6,15.0,140.0,0,Trincomalee_26
77.199375,11.2,26.0,5.6,5.0,200.0,1.6,62.0,140.0,940.0,460.0,1.6,15.0,140.0,0,Kegalle_59
105.19850000000001,11.2,26.0,5.6,5.0,200.0,1.6,62.0,140.0,940.0,460.0,1.6,15.0,140.0,0,Monaragala_20
69.223,11.2,26.0,5.6,5.0,200.0,1.6,62.0,140.0,940.0,460.0,1.6,15.0,140.0,0,Ampara_53
79.41037500000002,11.2,26.0,5.6,5.0,200.0,1.6,62.0,140.0,940.0,460.0,1.6,15.0,140.0,0,Trincomalee_47
56.92800000000001,11.2,15.6,5.6,2.0,200.0,1.6,62.0,140.0,940.0,460.0,1.6,15.0,140.0,0,Monaragala_47
87.04025,11.2,26.0,5.6,5.0,200.0,1.6,62.0,140.0,940.0,460.0,1.6,15.0,140.0,0,Kalutara_26
103.146375,11.2,26.0,5.6,5.0,200.0,1.6,62.0,140.0,940.0,460.0,1.6,15.0,140.0,0,Polonnaruwa_38
79.24375,11.2,26.0,5.6,5.0,200.0,1.6,62.0,140.0,940.0,460.0,1.6,15.0,140.0,0,Mullaitivu_26
66.91350000000001,11.2,26.0,5.6,5.0,200.0,1.6,62.0,140.0,940.0,460.0,1.6,15.0,140.0,0,Mannar_32
51.510000000000005,11.2,26.0,5.6,5.0,200.0,1.6,62.0,140.0,1316.0,276.0,1.6,15.0,140.0,0,Kegalle_52
88.276875,11.2,26.0,5.6,5.0,200.0,1.6,62.0,140.0,940.0,460.0,1.6,15.0,140.0,0,Kurunegala_25
50.16600000000001,11.2,26.0,5.6,5.0,200.0,1.6,62.0,140.0,1316.0,276.0,1.6,15.0,140.0,0,Mullaitivu_48
85.85325000000002,11.2,26.0,5.6,5.0,200.0,3.2,62.0,140.0,940.0,460.0,1.6,15.0,140.0,0,Polonnaruwa_30
94.51125,11.2,26.0,5.6,5.0,200.0,1.6,62.0,140.0,940.0,460.0,1.6,15.0,140.0,0,Matale_47
71.809375,11.2,26.0,5.6,5.0,200.0,1.6,62.0,140.0,940.0,460.0,1.6,15.0,140.0,0,Polonnaruwa_38
92.934375,11.2,26.0,5.6,5.0,200.0,1.6,62.0,140.0,940.0,460.0,1.6,15.0,140.0,0,Hambantota_29
86.19187500000001,11.2,26.0,5.6,5.0,200.0,3.2,62.0,140.0,940.0,460.0,1.6,15.0,140.0,0,Vavuniya_34
97.54012500000002,11.2,26.0,5.6,5.0,200.0,1.6,62.0,140.0,940.0,460.0,1.6,15.0,140.0,0,Polonnaruwa_51
73.27375,11.2,26.0,5.6,5.0,200.0,1.6,62.0,140.0,940.0,460.0,1.6,15.0,140.0,0,Kilinochchi_38
94.16,11.2,26.0,5.6,5.0,200.0,1.6,62.0,140.0,940.0,460.0,1.6,15.0,140.0,0,Matara_27
80.0575,11.2,26.0,5.6,5.0,200.0,1.6,62.0,140.0,940.0,460.0,1.6,15.0,140.0,0,Colombo_28
89.125,11.2,26.0,5.6,5.0,200.0,1.6,62.0,140.0,940.0,460.0,1.6,15.0,140.0,0,Kalutara_49
58.011250000000004,11.2,15.6,5.6,2.0,200.0,1.6,62.0,140.0,940.0,460.0,1.6,15.0,140.0,0,Galle_32
93.37625,11.2,26.0,5.6,5.0,200.0,1.6,62.0,140.0,940.0,460.0,1.6,15.0,140.0,0,Kilinochchi_18
95.139,11.2,26.0,5.6,5.0,200.0,1.6,62.0,140.0,940.0,460.0,1.6,15.0,140.0,0,Puttalam_35
89.40675000000002,11.2,26.0,5.6,5.0,200.0,1.6,62.0,140.0,940.0,460.0,1.6,15.0,140.0,0,Colombo_44
98.77350000000001,11.2,26.0,5.6,5.0,200.0,1.6,62.0,140.0,940.0,460.0,1.6,15.0,140.0,0,Puttalam_42
98.9115,11.2,26.0,5.6,5.0,200.0,1.6,62.0,140.0,940.0,460.0,1.6,15.0,140.0,0,Colombo_55
86.19187500000001,11.2,15.6,5.6,2.0,200.0,1.6,62.0,140.0,940.0,460.0,1.6,15.0,140.0,0,Kalutara_45
73.56,11.2,26.0,5.6,5.0,200.0,1.6,62.0,140.0,940.0,460.0,1.6,15.0,140.0,0,Mannar_36
69.87750000000001,11.2,26.0,5.6,5.0,200.0,1.6,62.0,140.0,940.0,460.0,1.6,15.0,140.0,0,Gampaha_39
104.41425000000001,11.2,26.0,5.6,5.0,200.0,1.6,62.0,140.0,940.0,460.0,1.6,15.0,140.0,0,Monaragala_37
67.21000000000001,11.2,26.0,5.6,5.0,200.0,1.6,62.0,140.0,940.0,460.0,1.6,15.0,140.0,0,Mannar_65
79.58287500000002,11.2,26.0,5.6,5.0,200.0,1.6,62.0,140.0,940.0,460.0,1.6,15.0,140.0,0,Ampara_27
61.53000000000001,11.2,15.6,5.6,2.0,200.0,1.6,62.0,140.0,940.0,460.0,1.6,15.0,140.0,0,Ampara_52
83.02250000000001,11.2,26.0,5.6,5.0,200.0,1.6,62.0,140.0,940.0,460.0,1.6,15.0,140.0,0,Kalutara_40
81.9375,11.2,26.0,5.6,5.0,200.0,1.6,62.0,140.0,940.0,460.0,1.6,15.0,140.0,0,Puttalam_40
79.94250000000001,11.2,26.0,5.6,5.0,200.0,3.2,62.0,140.0,940.0,460.0,1.6,15.0,140.0,0,Kilinochchi_31
78.823875,11.2,26.0,5.6,5.0,200.0,1.6,62.0,140.0,940.0,460.0,1.6,15.0,140.0,0,Badulla_23
106.57050000000001,11.2,26.0,5.6,5.0,200.0,1.6,62.0,140.0,940.0,460.0,1.6,15.0,140.0,0,Colombo_48
112.858125,11.2,26.0,5.6,5.0,200.0,1.6,62.0,140.0,940.0,460.0,1.6,15.0,140.0,0,Anuradhapura_33
83.510625,11.2,26.0,5.6,5.0,200.0,1.6,62.0,140.0,940.0,460.0,1.6,15.0,140.0,0,Badulla_47
62.589,11.2,26.0,5.6,5.0,200.0,1.6,62.0,140.0,940.0,460.0,1.6,15.0,140.0,0,Kandy_61
59.16600000000001,11.2,26.0,5.6,5.0,200.0,1.6,62.0,140.0,940.0,460.0,1.6,15.0,140.0,0,Mullaitivu_64
73.47,11.2,26.0,5.6,5.0,200.0,1.6,62.0,140.0,940.0,460.0,1.6,15.0,140.0,0,Ampara_38
88.19925000000002,11.2,15.6,5.6,2.0,200.0,1.6,62.0,140.0,940.0,460.0,1.6,15.0,140.0,0,Polonnaruwa_35
115.9855,11.2,26.0,5.6,5.0,200.0,1.6,62.0,140.0,940.0,460.0,1.6,15.0,140.0,0,Matara_19
65.028,11.2,26.0,5.6,5.0,200.0,1.6,62.0,140.0,940.0,460.0,1.6,15.0,140.0,0,Puttalam_47
63.696000000000005,11.2,26.0,5.6,5.0,200.0,1.6,62.0,140.0,940.0,460.0,1.6,15.0,140.0,0,Batticaloa_56
59.35187500000001,11.2,26.0,5.6,5.0,200.0,1.6,62.0,140.0,940.0,460.0,1.6,15.0,140.0,0,Trincomalee_43
73.789375,11.2,26.0,5.6,5.0,200.0,1.6,62.0,140.0,1316.0,276.0,1.6,15.0,140.0,0,Kegalle_55
117.23962500000002,11.2,26.0,5.6,5.0,200.0,1.6,62.0,140.0,1316.0,276.0,1.6,15.0,140.0,0,Nuwara Eliya_45
50.208000000000006,11.2,26.0,5.6,5.0,200.0,1.6,62.0,140.0,940.0,460.0,1.6,15.0,140.0,0,Mannar_39
91.31825,11.2,26.0,5.6,5.0,200.0,3.2,62.0,140.0,940.0,460.0,1.6,15.0,140.0,0,Kandy_29
91.3415,11.2,26.0,5.6,5.0,200.0,1.6,62.0,140.0,940.0,460.0,1.6,15.0,140.0,0,Kandy_39
83.274375,11.2,26.0,5.6,5.0,200.0,1.6,62.0,140.0,940.0,460.0,1.6,15.0,140.0,0,Colombo_34
89.7295,11.2,26.0,5.6,5.0,200.0,1.6,62.0,140.0,940.0,460.0,1.6,15.0,140.0,0,Monaragala_28
62.225625,11.2,26.0,5.6,5.0,200.0,3.2,62.0,140.0,1316.0,276.0,1.6,15.0,140.0,0,Mullaitivu_30
86.77612500000001,11.2,26.0,5.6,5.0,200.0,1.6,62.0,140.0,940.0,460.0,1.6,15.0,140.0,0,Kandy_44
53.666250000000005,11.2,26.0,5.6,5.0,200.0,1.6,62.0,140.0,940.0,460.0,1.6,15.0,140.0,0,Galle_39
74.70375,11.2,26.0,5.6,5.0,200.0,1.6,62.0,140.0,940.0,460.0,1.6,15.0,140.0,0,Mannar_54
70.57875,11.2,26.0,5.6,5.0,200.0,1.6,62.0,140.0,940.0,460.0,1.6,15.0,140.0,0,Mannar_62
75.12075,11.2,26.0,5.6,5.0,200.0,1.6,62.0,140.0,940.0,460.0,1.6,15.0,140.0,0,Kilinochchi_32
91.58950000000002,11.2,26.0,5.6,5.0,200.0,1.6,62.0,140.0,940.0,460.0,1.6,15.0,140.0,0,Jaffna_22
72.519,11.2,26.0,5.6,5.0,200.0,1.6,62.0,140.0,940.0,460.0,1.6,15.0,140.0,0,Polonnaruwa_37
60.048,11.2,26.0,5.6,5.0,200.0,1.6,62.0,140.0,940.0,460.0,1.6,15.0,140.0,0,Trincomalee_50
73.321875,11.2,26.0,5.6,5.0,260.0,1.6,62.0,140.0,940.0,460.0,1.6,15.0,140.0,0,Batticaloa_45
98.38625,11.2,26.0,5.6,5.0,200.0,1.6,62.0,140.0,940.0,460.0,1.6,15.0,140.0,0,Trincomalee_36
61.276875000000004,11.2,26.0,5.6,5.0,200.0,1.6,62.0,140.0,940.0,460.0,1.6,15.0,140.0,0,Trincomalee_47
73.002,11.2,26.0,5.6,5.0,200.0,1.6,62.0,140.0,940.0,460.0,1.6,15.0,140.0,0,Ratnapura_35
64.563125,11.2,26.0,5.6,5.0,200.0,1.6,62.0,140.0,940.0,460.0,1.6,15.0,140.0,0,Monaragala_39
59.083749999999995,11.2,26.0,5.6,5.0,200.0,1.6,62.0,140.0,940.0,460.0,1.6,15.0,140.0,0,Kandy_48
63.813750000000006,11.2,26.0,5.6,5.0,260.0,3.2,62.0,140.0,1316.0,276.0,1.6,15.0,140.0,0,Kegalle_30
75.28812500000001,11.2,26.0,5.6,5.0,200.0,1.6,62.0,140.0,940.0,460.0,1.6,15.0,140.0,0,Badulla_55
71.4175,11.2,26.0,5.6,5.0,200.0,1.6,62.0,140.0,940.0,460.0,1.6,15.0,140.0,0,Matara_19
89.28,11.2,26.0,5.6,5.0,200.0,1.6,62.0,140.0,940.0,460.0,1.6,15.0,140.0,0,Badulla_24
95.49600000000001,11.2,15.6,5.6,2.0,200.0,1.6,62.0,140.0,940.0,460.0,1.6,15.0,140.0,0,Kalutara_47
79.48875000000001,11.2,26.0,5.6,5.0,200.0,1.6,62.0,140.0,940.0,460.0,1.6,15.0,140.0,0,Ampara_28
50.83800000000001,11.2,26.0,5.6,5.0,200.0,1.6,62.0,140.0,940.0,460.0,1.6,15.0,140.0,0,Galle_42
93.96100000000001,11.2,26.0,5.6,5.0,200.0,1.6,62.0,140.0,940.0,460.0,1.6,15.0,140.0,0,Vavuniya_36
98.16125000000001,11.2,15.6,5.6,2.0,200.0,1.6,62.0,140.0,940.0,460.0,1.6,15.0,140.0,0,Kalutara_42
101.48175,11.2,26.0,5.6,5.0,200.0,1.6,62.0,140.0,940.0,460.0,1.6,15.0,140.0,0,Monaragala_20
94.79800000000002,11.2,26.0,5.6,5.0,200.0,1.6,62.0,140.0,940.0,460.0,1.6,15.0,140.0,0,Mannar_26
80.08200000000001,11.2,26.0,5.6,5.0,200.0,1.6,62.0,140.0,940.0,460.0,1.6,15.0,140.0,0,Matale_42
59.406000000000006,11.2,26.0,5.6,5.0,200.0,1.6,62.0,140.0,940.0,460.0,1.6,15.0,140.0,0,Mannar_62
60.720000000000006,11.2,26.0,5.6,5.0,260.0,1.6,62.0,140.0,940.0,460.0,1.6,15.0,140.0,0,Puttalam_52
69.23400000000001,11.2,26.0,5.6,5.0,200.0,1.6,62.0,140.0,940.0,460.0,1.6,15.0,140.0,0,Kandy_65
74.06675,11.2,26.0,5.6,5.0,200.0,1.6,62.0,140.0,940.0,460.0,1.6,15.0,140.0,0,Jaffna_32
72.95750000000001,11.2,26.0,5.6,5.0,200.0,1.6,62.0,140.0,940.0,460.0,1.6,15.0,140.0,0,Trincomalee_52
96.93700000000001,11.2,26.0,5.6,5.0,200.0,1.6,62.0,140.0,940.0,460.0,1.6,15.0,140.0,0,Vavuniya_27
78.271875,11.2,26.0,5.6,5.0,200.0,1.6,62.0,140.0,940.0,460.0,1.6,15.0,140.0,0,Colombo_33
77.7015,11.2,26.0,5.6,5.0,200.0,1.6,62.0,140.0,940.0,460.0,1.6,15.0,140.0,0,Hambantota_35
56.418000000000006,11.2,26.0,5.6,5.0,200.0,1.6,62.0,140.0,940.0,460.0,1.6,15.0,140.0,0,Mannar_58
95.11575000000002,11.2,26.0,5.6,5.0,200.0,1.6,62.0,140.0,940.0,460.0,1.6,15.0,140.0,0,Kilinochchi_27
92.71012500000002,11.2,26.0,5.6,5.0,200.0,1.6,62.0,140.0,940.0,460.0,1.6,15.0,140.0,0,Mannar_51
89.623,11.2,26.0,5.6,5.0,200.0,1.6,62.0,140.0,940.0,460.0,1.6,15.0,140.0,0,Kurunegala_27
64.33275,11.2,26.0,5.6,5.0,200.0,1.6,62.0,140.0,940.0,460.0,1.6,15.0,140.0,0,Kandy_53
85.38062500000001,11.2,26.0,5.6,5.0,200.0,1.6,62.0,140.0,940.0,460.0,1.6,15.0,140.0,0,Trincomalee_47
92.256,11.2,26.0,5.6,5.0,200.0,1.6,62.0,140.0,940.0,460.0,1.6,15.0,140.0,0,Kalutara_18
59.82625,11.2,15.6,5.6,2.0,200.0,1.6,62.0,140.0,940.0,460.0,1.6,15.0,140.0,0,Gampaha_49
111.43500000000002,11.2,26.0,5.6,5.0,200.0,1.6,62.0,140.0,940.0,460.0,1.6,15.0,140.0,0,Jaffna_19
58.9775,11.2,26.0,5.6,5.0,200.0,1.6,62.0,140.0,940.0,460.0,1.6,15.0,140.0,0,Colombo_34
63.918000000000006,11.2,26.0,5.6,5.0,200.0,1.6,62.0,140.0,1316.0,276.0,1.6,15.0,140.0,0,Monaragala_62
108.304125,11.2,26.0,5.6,5.0,200.0,1.6,62.0,140.0,940.0,460.0,1.6,15.0,140.0,0,Mannar_38
89.61325000000002,11.2,15.6,5.6,2.0,200.0,1.6,62.0,140.0,940.0,460.0,1.6,15.0,140.0,0,Anuradhapura_48
80.617875,11.2,15.6,5.6,2.0,200.0,1.6,62.0,140.0,940.0,460.0,1.6,15.0,140.0,0,Nuwara Eliya_47
91.00825,11.2,26.0,5.6,5.0,200.0,1.6,62.0,140.0,940.0,460.0,1.6,15.0,140.0,0,Kurunegala_42
50.448,11.2,26.0,5.6,5.0,200.0,1.6,62.0,140.0,940.0,460.0,1.6,15.0,140.0,0,Vavuniya_47
52.806875000000005,11.2,26.0,5.6,5.0,260.0,1.6,62.0,140.0,940.0,460.0,1.6,15.0,140.0,0,Ampara_65
67.549,11.2,26.0,5.6,5.0,200.0,1.6,62.0,140.0,940.0,460.0,1.6,15.0,140.0,0,Mullaitivu_26
73.13675,11.2,26.0,5.6,5.0,200.0,1.6,62.0,140.0,940.0,460.0,1.6,15.0,140.0,0,Kurunegala_51
111.95750000000001,11.2,26.0,5.6,5.0,200.0,1.6,62.0,140.0,940.0,460.0,1.6,15.0,140.0,0,Galle_33
67.464375,11.2,26.0,5.6,5.0,200.0,1.6,62.0,140.0,940.0,460.0,1.6,15.0,140.0,0,Galle_34
89.41175000000001,11.2,26.0,5.6,5.0,200.0,1.6,62.0,140.0,940.0,460.0,1.6,15.0,140.0,0,Kegalle_46
82.31275000000001,11.2,26.0,5.6,5.0,200.0,1.6,62.0,140.0,940.0,460.0,1.6,15.0,140.0,0,Matale_43
83.94200000000001,11.2,26.0,5.6,5.0,200.0,3.2,62.0,140.0,940.0,460.0,1.6,15.0,140.0,0,Vavuniya_32
48.540000000000006,11.2,26.0,5.6,5.0,200.0,1.6,62.0,140.0,940.0,460.0,1.6,15.0,140.0,0,Colombo_50
71.112,11.2,26.0,5.6,5.0,200.0,1.6,62.0,140.0,940.0,460.0,1.6,15.0,140.0,0,Anuradhapura_43
78.16875,11.2,26.0,5.6,5.0,200.0,1.6,62.0,140.0,940.0,460.0,1.6,15.0,140.0,0,Puttalam_44
74.1365,11.2,26.0,5.6,5.0,200.0,1.6,62.0,140.0,940.0,460.0,1.6,15.0,140.0,0,Gampaha_30
70.296875,11.2,26.0,5.6,5.0,200.0,1.6,62.0,140.0,940.0,460.0,1.6,15.0,140.0,0,Badulla_54
95.05375000000001,11.2,26.0,5.6,5.0,200.0,1.6,62.0,140.0,940.0,460.0,1.6,15.0,140.0,0,Kegalle_39
102.06825,11.2,26.0,5.6,5.0,200.0,3.2,62.0,140.0,940.0,460.0,1.6,15.0,140.0,0,Nuwara Eliya_26
50.418000000000006,11.2,26.0,5.6,5.0,200.0,1.6,62.0,140.0,940.0,460.0,1.6,15.0,140.0,0,Kurunegala_62
71.67975000000001,11.2,26.0,5.6,5.0,200.0,1.6,62.0,140.0,940.0,460.0,1.6,15.0,140.0,0,Colombo_29
59.125,11.2,26.0,5.6,5.0,200.0,1.6,62.0,140.0,940.0,460.0,1.6,15.0,140.0,0,Kandy_49
64.542,11.2,26.0,5.6,5.0,200.0,1.6,62.0,140.0,940.0,460.0,1.6,15.0,140.0,0,Kalutara_63
102.87899999999999,11.2,26.0,5.6,5.0,200.0,1.6,62.0,140.0,940.0,460.0,1.6,15.0,140.0,0,Jaffna_31
107.855625,11.2,26.0,5.6,5.0,260.0,1.6,62.0,140.0,940.0,460.0,1.6,15.0,140.0,0,Hambantota_30
79.314,11.2,26.0,5.6,5.0,260.0,1.6,62.0,140.0,940.0,460.0,1.6,15.0,140.0,0,Matara_44
75.11300000000001,11.2,26.0,5.6,5.0,200.0,1.6,62.0,140.0,940.0,460.0,1.6,15.0,140.0,0,Kurunegala_31
89.12212500000001,11.2,26.0,5.6,5.0,200.0,1.6,62.0,140.0,940.0,460.0,1.6,15.0,140.0,0,Hambantota_53
88.48175,11.2,26.0,5.6,5.0,200.0,1.6,62.0,140.0,940.0,460.0,1.6,15.0,140.0,0,Kurunegala_41
75.578,11.2,26.0,5.6,5.0,200.0,1.6,62.0,140.0,940.0,460.0,1.6,15.0,140.0,0,Batticaloa_31
59.963750000000005,11.2,26.0,5.6,5.0,200.0,1.6,62.0,140.0,940.0,460.0,1.6,15.0,140.0,0,Kurunegala_35
80.36875,11.2,26.0,5.6,5.0,200.0,1.6,62.0,140.0,940.0,460.0,1.6,15.0,140.0,0,Ratnapura_26
84.99425000000001,11.2,26.0,5.6,5.0,200.0,1.6,62.0,140.0,940.0,460.0,1.6,15.0,140.0,0,Batticaloa_41
121.923,11.2,26.0,5.6,5.0,200.0,1.6,62.0,140.0,940.0,460.0,1.6,15.0,140.0,0,Vavuniya_19
62.638125,11.2,26.0,5.6,5.0,200.0,1.6,62.0,140.0,940.0,460.0,1.6,15.0,140.0,0,Kilinochchi_47
72.0,11.2,26.0,5.6,5.0,200.0,1.6,62.0,140.0,940.0,460.0,1.6,15.0,140.0,0,Mannar_45
69.40125,11.2,26.0,5.6,5.0,200.0,1.6,62.0,140.0,940.0,460.0,1.6,15.0,140.0,0,Vavuniya_33
106.31175,11.2,26.0,5.6,5.0,260.0,1.6,62.0,140.0,940.0,460.0,1.6,15.0,140.0,0,Matara_34
61.698,11.2,26.0,5.6,5.0,200.0,1.6,62.0,140.0,940.0,460.0,1.6,15.0,140.0,0,Gampaha_57
77.44000000000001,11.2,26.0,5.6,5.0,200.0,1.6,62.0,140.0,940.0,460.0,1.6,15.0,140.0,0,Galle_65
72.74925,11.2,15.6,5.6,2.0,200.0,1.6,62.0,140.0,940.0,460.0,1.6,15.0,140.0,0,Kegalle_57
90.48875000000001,11.2,26.0,5.6,5.0,260.0,1.6,62.0,140.0,940.0,460.0,1.6,15.0,140.0,0,Hambantota_46
107.5305,11.2,26.0,5.6,5.0,200.0,1.6,62.0,140.0,940.0,460.0,1.6,15.0,140.0,0,Monaragala_18
62.436000000000014,11.2,26.0,5.6,5.0,200.0,1.6,62.0,140.0,940.0,460.0,1.6,15.0,140.0,0,Matara_55
71.97437500000001,11.2,26.0,5.6,5.0,200.0,1.6,62.0,140.0,940.0,460.0,1.6,15.0,140.0,0,Polonnaruwa_25
90.2825,11.2,26.0,5.6,5.0,200.0,1.6,62.0,140.0,940.0,460.0,1.6,15.0,140.0,0,Puttalam_28
92.74375,11.2,26.0,5.6,5.0,200.0,1.6,62.0,140.0,940.0,460.0,1.6,15.0,140.0,0,Monaragala_26
93.01550000000002,11.2,26.0,5.6,5.0,200.0,1.6,62.0,140.0,940.0,460.0,1.6,15.0,140.0,0,Puttalam_23
51.0,11.2,26.0,5.6,5.0,200.0,1.6,62.0,140.0,1316.0,276.0,1.6,15.0,140.0,0,Galle_42
76.73400000000001,11.2,26.0,5.6,5.0,200.0,1.6,62.0,140.0,940.0,460.0,1.6,15.0,140.0,0,Kalutara_36
81.8865,11.2,26.0,5.6,5.0,200.0,1.6,62.0,140.0,940.0,460.0,1.6,15.0,140.0,0,Kalutara_18
76.1415,11.2,26.0,5.6,5.0,200.0,1.6,62.0,140.0,940.0,460.0,1.6,15.0,140.0,0,Kalutara_45
76.357125,11.2,26.0,5.6,5.0,200.0,1.6,62.0,140.0,940.0,460.0,1.6,15.0,140.0,0,Kalutara_32
58.471875,11.2,26.0,5.6,5.0,200.0,1.6,62.0,140.0,940.0,460.0,1.6,15.0,140.0,0,Gampaha_64
64.00625,11.2,26.0,5.6,5.0,200.0,1.6,62.0,140.0,940.0,460.0,1.6,15.0,140.0,0,Ratnapura_39
81.792,11.2,15.6,5.6,2.0,200.0,1.6,62.0,140.0,940.0,460.0,1.6,15.0,140.0,0,Monaragala_48
51.21600000000001,11.2,15.6,5.6,2.0,200.0,1.6,62.0,140.0,940.0,460.0,1.6,15.0,140.0,0,Kandy_36
56.93925,11.2,26.0,5.6,5.0,200.0,1.6,62.0,140.0,940.0,460.0,1.6,15.0,140.0,0,Ratnapura_54
71.31550000000001,11.2,26.0,5.6,5.0,200.0,1.6,62.0,140.0,1316.0,276.0,1.6,15.0,140.0,0,Kandy_49
94.56550000000001,11.2,26.0,5.6,5.0,200.0,1.6,62.0,140.0,940.0,460.0,1.6,15.0,140.0,0,Badulla_23
105.38887500000001,11.2,26.0,5.6,5.0,200.0,1.6,62.0,140.0,940.0,460.0,1.6,15.0,140.0,0,Kandy_20
69.49937500000001,11.2,26.0,5.6,5.0,200.0,1.6,62.0,140.0,940.0,460.0,1.6,15.0,140.0,0,Vavuniya_23
73.528125,11.2,26.0,5.6,5.0,200.0,1.6,62.0,140.0,940.0,460.0,1.6,15.0,140.0,0,Jaffna_19
86.68,11.2,26.0,5.6,5.0,200.0,1.6,62.0,140.0,940.0,460.0,1.6,15.0,140.0,0,Gampaha_20
63.3325,11.2,26.0,5.6,5.0,200.0,1.6,62.0,140.0,940.0,460.0,1.6,15.0,140.0,0,Colombo_40
55.2,11.2,26.0,5.6,5.0,200.0,1.6,62.0,140.0,940.0,460.0,1.6,15.0,140.0,0,Matale_62
57.048750000000005,11.2,26.0,5.6,5.0,200.0,1.6,62.0,140.0,940.0,460.0,1.6,15.0,140.0,0,Mullaitivu_38
88.4165,11.2,26.0,5.6,5.0,200.0,1.6,62.0,140.0,940.0,460.0,1.6,15.0,140.0,0,Matale_27
