,Unnamed: 0,NDB_No,Shrt_Desc,Water_(g),Energ_Kcal,Protein_(g),Lipid_Tot_(g),Ash_(g),Carbohydrt_(g),Fiber_TD_(g),Sugar_Tot_(g),Calcium_(mg),Iron_(mg),Magnesium_(mg),Phosphorus_(mg),Potassium_(mg),Sodium_(mg),Zinc_(mg),Copper_(mg),Manganese_(mg),Selenium_(µg),Vit_C_(mg),Thiamin_(mg),Riboflavin_(mg),Niacin_(mg),Panto_Acid_(mg),Vit_B6_(mg),Folate_Tot_(µg),Folic_Acid_(µg),Food_Folate_(µg),Folate_DFE_(µg),Choline_Tot_ (mg),Vit_B12_(µg),Vit_A_IU,Vit_A_RAE,Retinol_(µg),Alpha_Carot_(µg),Beta_Carot_(µg),Beta_Crypt_(µg),Lycopene_(µg),Lut+Zea_ (µg),Vit_E_(mg),Vit_D_µg,Vit_D_IU,Vit_K_(µg),FA_Sat_(g),FA_Mono_(g),FA_Poly_(g),Cholestrl_(mg),GmWt_1,GmWt_Desc1,GmWt_2,GmWt_Desc2,Refuse_Pct,CLASS
2120,2120,9002,"ACEROLA JUICE,RAW",94.3,23,0.4,0.3,0.2,4.8,0.3,4.5,10.0,0.5,12.0,9.0,97.0,3.0,0.1,0.086,,0.1,1600.0,0.02,0.06,0.4,0.205,0.004,14.0,0.0,14.0,14.0,,0.0,509.0,25.0,0.0,0.0,305.0,0.0,0.0,17.0,0.18,,,1.4,0.068,0.082,0.09,0.0,242.0,1 cup,30.2,1 fl oz,0.0,11
2379,2379,9311,"ROSELLE,RAW",86.58,49,0.96,0.64,0.51,11.31,,,215.0,1.48,51.0,37.0,208.0,6.0,,,,,12.0,0.011,0.028,0.31,,,,,,,,0.0,287.0,14.0,0.0,,,,,,,,,,,,,0.0,57.0,"1 cup,  without refuse",,,39.0,1
2815,2815,11003,"AMARANTH LEAVES,RAW",91.69,23,2.46,0.33,1.5,4.02,,,215.0,2.32,55.0,50.0,611.0,20.0,0.9,0.162,0.885,0.9,43.3,0.027,0.158,0.658,0.064,0.192,85.0,0.0,85.0,85.0,,0.0,2917.0,146.0,0.0,,,,,,,0.0,0.0,1140.0,0.091,0.076,0.147,0.0,28.0,1 cup,14.0,1 leaf,6.0,1
2817,2817,11005,"ARROWHEAD,RAW",72.48,99,5.33,0.29,1.67,20.23,,,10.0,2.57,51.0,174.0,922.0,22.0,0.28,0.171,0.36,0.7,1.1,0.17,0.073,1.65,0.599,0.26,14.0,0.0,14.0,14.0,,0.0,0.0,0.0,0.0,,,,,,,0.0,0.0,,,,,0.0,25.0,1 large,12.0,1 medium,25.0,0
2819,2819,11007,"ARTICHOKES,(GLOBE OR FRENCH),RAW",84.94,47,3.27,0.15,1.13,10.51,5.4,0.99,44.0,1.28,60.0,90.0,370.0,94.0,0.49,0.231,0.256,0.2,11.7,0.072,0.066,1.046,0.338,0.116,68.0,0.0,68.0,68.0,34.4,0.0,13.0,1.0,0.0,0.0,8.0,0.0,0.0,464.0,0.19,0.0,0.0,14.8,0.036,0.005,0.064,0.0,128.0,"1 artichoke,  medium",162.0,"1 artichoke,  large",60.0,11
2823,2823,11011,"ASPARAGUS,RAW",93.22,20,2.2,0.12,0.58,3.88,2.1,1.88,24.0,2.14,14.0,52.0,202.0,2.0,0.54,0.189,0.158,2.3,5.6,0.143,0.141,0.978,0.274,0.091,52.0,0.0,52.0,52.0,16.0,0.0,756.0,38.0,0.0,9.0,449.0,0.0,0.0,710.0,1.13,0.0,0.0,41.6,0.04,0.0,0.05,0.0,134.0,1 cup,12.0,"1 spear,  small (5"" long or less)",47.0,11
2833,2833,11026,"BAMBOO SHOOTS,RAW",91.0,27,2.6,0.3,0.9,5.2,2.2,3.0,13.0,0.5,3.0,59.0,533.0,4.0,1.1,0.19,0.262,0.8,4.0,0.15,0.07,0.6,0.161,0.24,7.0,0.0,7.0,7.0,0.0,0.0,20.0,1.0,0.0,0.0,12.0,0.0,0.0,0.0,1.0,0.0,0.0,0.0,0.069,0.007,0.134,0.0,151.0,"1 cup,  (1/2"" slices)",76.0,".5 cup,  (1/2"" pieces)",71.0,11
2838,2838,11031,"LIMA BNS,IMMAT SEEDS,RAW",70.24,113,6.84,0.86,1.89,20.17,4.9,1.48,34.0,3.14,58.0,136.0,467.0,8.0,0.78,0.318,1.215,1.8,23.4,0.217,0.103,1.474,0.247,0.204,34.0,0.0,34.0,34.0,40.0,0.0,209.0,10.0,0.0,0.0,126.0,0.0,0.0,0.0,0.32,0.0,0.0,5.6,0.198,0.05,0.419,0.0,156.0,1 cup,,,56.0,10
2845,2845,11043,"MUNG BNS,MATURE SEEDS,SPROUTED,RAW",90.4,30,3.04,0.18,0.44,5.94,1.8,4.13,13.0,0.91,21.0,54.0,149.0,6.0,0.41,0.164,0.188,0.6,13.2,0.084,0.124,0.749,0.38,0.088,61.0,0.0,61.0,61.0,14.4,0.0,21.0,1.0,0.0,6.0,6.0,6.0,0.0,0.0,0.1,0.0,0.0,33.0,0.046,0.022,0.058,0.0,104.0,1 cup,340.0,"1 package,  (12 oz)",0.0,11
2862,2862,11080,"BEETS,RAW",87.58,43,1.61,0.17,1.08,9.56,2.8,6.76,16.0,0.8,23.0,40.0,325.0,78.0,0.35,0.075,0.329,0.7,4.9,0.031,0.04,0.334,0.155,0.067,109.0,0.0,109.0,109.0,6.0,0.0,33.0,2.0,0.0,0.0,20.0,0.0,0.0,0.0,0.04,0.0,0.0,0.2,0.027,0.032,0.06,0.0,136.0,1 cup,82.0,"1 beet,  (2"" dia)",33.0,11
2866,2866,11086,"BEET GREENS,RAW",91.02,22,2.2,0.13,2.33,4.33,3.7,0.5,117.0,2.57,70.0,41.0,762.0,226.0,0.38,0.191,0.391,0.9,30.0,0.1,0.22,0.4,0.25,0.106,15.0,0.0,15.0,15.0,0.4,0.0,6326.0,316.0,0.0,3.0,3794.0,0.0,0.0,1503.0,1.5,0.0,0.0,400.0,0.02,0.026,0.046,0.0,38.0,1 cup,32.0,1 leaf,44.0,11
2870,2870,11090,"BROCCOLI,RAW",89.3,34,2.82,0.37,0.87,6.64,2.6,1.7,47.0,0.73,21.0,66.0,316.0,33.0,0.41,0.049,0.21,2.5,89.2,0.071,0.117,0.639,0.573,0.175,63.0,0.0,63.0,63.0,18.7,0.0,623.0,31.0,0.0,25.0,361.0,1.0,0.0,1403.0,0.78,0.0,0.0,101.6,0.039,0.011,0.038,0.0,91.0,"1 cup, chopped",608.0,1 bunch,39.0,11
2876,2876,11096,"BROCCOLI RAAB,RAW",92.55,22,3.17,0.49,0.93,2.85,2.7,0.38,108.0,2.14,22.0,73.0,196.0,33.0,0.77,0.042,0.395,1.0,20.2,0.162,0.129,1.221,0.322,0.171,83.0,0.0,83.0,83.0,18.3,0.0,2622.0,131.0,0.0,0.0,1573.0,0.0,0.0,1121.0,1.62,0.0,0.0,224.0,0.05,0.026,0.13,0.0,40.0,"1 cup, chopped",19.0,1 stalk,0.0,11
2878,2878,11098,"BRUSSELS SPROUTS,RAW",86.0,43,3.38,0.3,1.37,8.95,3.8,2.2,42.0,1.4,23.0,69.0,389.0,25.0,0.42,0.07,0.337,1.6,85.0,0.139,0.09,0.745,0.309,0.219,61.0,0.0,61.0,61.0,19.1,0.0,754.0,38.0,0.0,6.0,450.0,0.0,0.0,1590.0,0.88,0.0,0.0,177.0,0.062,0.023,0.153,0.0,88.0,1 cup,19.0,1 sprout,10.0,11
2882,2882,11104,"BURDOCK ROOT,RAW",80.09,72,1.53,0.15,0.89,17.34,3.3,2.9,41.0,0.8,38.0,51.0,308.0,5.0,0.33,0.077,0.232,0.7,3.0,0.01,0.03,0.3,0.321,0.24,23.0,0.0,23.0,23.0,11.7,0.0,0.0,0.0,0.0,0.0,0.0,0.0,0.0,0.0,0.38,0.0,0.0,1.6,0.025,0.037,0.059,0.0,118.0,"1 cup,  (1"" pieces)",156.0,1 root,25.0,11
2884,2884,11106,"BUTTERBUR,(FUKI),RAW",94.5,14,0.39,0.04,1.46,3.61,,,103.0,0.1,14.0,12.0,655.0,7.0,0.16,0.103,0.274,0.9,31.5,0.02,0.02,0.2,0.032,0.096,10.0,0.0,10.0,10.0,,0.0,50.0,3.0,0.0,,,,,,,0.0,0.0,,,,,0.0,94.0,1 cup,5.0,1 petiole,12.0,1
2887,2887,11109,"CABBAGE,RAW",92.18,25,1.28,0.1,0.64,5.8,2.5,3.2,40.0,0.47,12.0,26.0,170.0,18.0,0.18,0.019,0.16,0.3,36.6,0.061,0.04,0.234,0.212,0.124,43.0,0.0,43.0,43.0,10.7,0.0,98.0,5.0,0.0,33.0,42.0,0.0,0.0,30.0,0.15,0.0,0.0,76.0,0.034,0.017,0.017,0.0,89.0,"1 cup, chopped",70.0,"1 cup, shredded",20.0,11
2889,2889,11112,"CABBAGE,RED,RAW",90.39,31,1.43,0.16,0.64,7.37,2.1,3.83,45.0,0.8,16.0,30.0,243.0,27.0,0.22,0.017,0.243,0.6,57.0,0.064,0.069,0.418,0.147,0.209,18.0,0.0,18.0,18.0,17.1,0.0,1116.0,56.0,0.0,0.0,670.0,0.0,20.0,329.0,0.11,0.0,0.0,38.2,0.021,0.012,0.08,0.0,89.0,"1 cup, chopped",70.0,"1 cup, shredded",20.0,11
2891,2891,11114,"CABBAGE,SAVOY,RAW",91.0,27,2.0,0.1,0.8,6.1,3.1,2.27,35.0,0.4,28.0,42.0,230.0,28.0,0.27,0.062,0.18,0.9,31.0,0.07,0.03,0.3,0.187,0.19,80.0,0.0,80.0,80.0,12.3,0.0,1000.0,50.0,0.0,0.0,600.0,0.0,0.0,77.0,0.17,0.0,0.0,68.8,0.013,0.007,0.049,0.0,70.0,"1 cup, shredded",,,20.0,11
2893,2893,11116,"CABBAGE,CHINESE (PAK-CHOI),RAW",95.32,13,1.5,0.2,0.8,2.18,1.0,1.18,105.0,0.8,19.0,37.0,252.0,65.0,0.19,0.021,0.159,0.5,45.0,0.04,0.07,0.5,0.088,0.194,66.0,0.0,66.0,66.0,6.4,0.0,4468.0,223.0,0.0,1.0,2681.0,0.0,0.0,40.0,0.09,0.0,0.0,45.5,0.027,0.015,0.096,0.0,70.0,"1 cup, shredded",840.0,1 head,12.0,11
2896,2896,11119,"CABBAGE,CHINESE (PE-TSAI),RAW",94.39,16,1.2,0.2,0.98,3.23,1.2,1.41,77.0,0.31,13.0,29.0,238.0,9.0,0.23,0.036,0.19,0.6,27.0,0.04,0.05,0.4,0.105,0.232,79.0,0.0,79.0,79.0,7.6,0.0,318.0,16.0,0.0,1.0,190.0,0.0,0.0,48.0,0.12,0.0,0.0,42.9,0.043,0.023,0.072,0.0,76.0,"1 cup, shredded",,,7.0,11
2898,2898,11122,"CARDOON,RAW",94.0,17,0.7,0.1,1.13,4.07,1.6,,70.0,0.7,42.0,23.0,400.0,170.0,0.17,0.231,0.256,0.2,2.0,0.02,0.03,0.3,0.338,0.116,68.0,0.0,68.0,68.0,,0.0,0.0,0.0,0.0,,,,,,,0.0,0.0,,0.011,0.018,0.041,0.0,178.0,"1 cup, shredded",,,51.0,1
2900,2900,11124,"CARROTS,RAW",88.29,41,0.93,0.24,0.97,9.58,2.8,4.74,33.0,0.3,12.0,35.0,320.0,69.0,0.24,0.045,0.143,0.1,5.9,0.066,0.058,0.983,0.273,0.138,19.0,0.0,19.0,19.0,8.8,0.0,16706.0,835.0,0.0,3477.0,8285.0,0.0,1.0,256.0,0.66,0.0,0.0,13.2,0.037,0.014,0.117,0.0,128.0,"1 cup, chopped",110.0,"1 cup, grated",11.0,11
2906,2906,11134,"CASSAVA,RAW",59.68,160,1.36,0.28,0.62,38.06,1.8,1.7,16.0,0.27,21.0,27.0,271.0,14.0,0.34,0.1,0.384,0.7,20.6,0.087,0.048,0.854,0.107,0.088,27.0,0.0,27.0,27.0,23.7,0.0,13.0,1.0,0.0,0.0,8.0,0.0,0.0,0.0,0.19,0.0,0.0,1.9,0.074,0.075,0.048,0.0,206.0,1 cup,408.0,1 root,16.0,10
2907,2907,11135,"CAULIFLOWER,RAW",92.07,25,1.92,0.28,0.76,4.97,2.0,1.91,22.0,0.42,15.0,44.0,299.0,30.0,0.27,0.039,0.155,0.6,48.2,0.05,0.06,0.507,0.667,0.184,57.0,0.0,57.0,57.0,44.3,0.0,0.0,0.0,0.0,0.0,0.0,0.0,0.0,1.0,0.08,0.0,0.0,15.5,0.13,0.034,0.031,0.0,107.0,"1 cup, chopped (1/2"" pieces)",13.0,1 floweret,61.0,11
2911,2911,11141,"CELERIAC,RAW",88.0,42,1.5,0.3,1.0,9.2,1.8,1.6,43.0,0.7,20.0,115.0,300.0,100.0,0.33,0.07,0.158,0.7,8.0,0.05,0.06,0.7,0.352,0.165,8.0,0.0,8.0,8.0,9.0,0.0,0.0,0.0,0.0,0.0,0.0,0.0,0.0,1.0,0.36,0.0,0.0,41.0,0.079,0.058,0.148,0.0,156.0,1 cup,,,14.0,11
2913,2913,11143,"CELERY,RAW",95.43,16,0.69,0.17,0.75,2.97,1.6,1.34,40.0,0.2,11.0,24.0,260.0,80.0,0.13,0.035,0.103,0.4,3.1,0.021,0.057,0.32,0.246,0.074,36.0,0.0,36.0,36.0,6.1,0.0,449.0,22.0,0.0,0.0,270.0,0.0,0.0,283.0,0.27,0.0,0.0,29.3,0.042,0.032,0.079,0.0,101.0,"1 cup, chopped",110.0,1 NLEA serving,11.0,11
2915,2915,11145,"CELTUCE,RAW",94.5,18,0.85,0.3,0.7,3.65,1.7,,39.0,0.55,28.0,39.0,330.0,11.0,0.27,0.04,0.688,0.9,19.5,0.055,0.07,0.55,0.183,0.05,46.0,0.0,46.0,46.0,,0.0,3500.0,175.0,0.0,,,,,,,0.0,0.0,,,,,0.0,8.0,1 leaf,,,25.0,1
2916,2916,11147,"CHARD,SWISS,RAW",92.66,19,1.8,0.2,1.6,3.74,1.6,1.1,51.0,1.8,81.0,46.0,379.0,213.0,0.36,0.179,0.366,0.9,30.0,0.04,0.09,0.4,0.172,0.099,14.0,0.0,14.0,14.0,18.0,0.0,6116.0,306.0,0.0,45.0,3647.0,0.0,0.0,11000.0,1.89,0.0,0.0,830.0,0.03,0.04,0.07,0.0,36.0,1 cup,48.0,1 leaf,8.0,11
2918,2918,11149,"CHAYOTE,FRUIT,RAW",94.24,19,0.82,0.13,0.3,4.51,1.7,1.66,17.0,0.34,12.0,18.0,125.0,2.0,0.74,0.123,0.189,0.2,7.7,0.025,0.029,0.47,0.249,0.076,93.0,0.0,93.0,93.0,9.2,0.0,0.0,0.0,0.0,0.0,0.0,0.0,0.0,0.0,0.12,0.0,0.0,4.1,0.028,0.01,0.057,0.0,132.0,"1 cup,  (1"" pieces)",203.0,"1 chayote,  (5-3/4"")",1.0,11
2920,2920,11151,"CHICORY,WITLOOF,RAW",94.52,17,0.9,0.1,0.47,4.0,3.1,,19.0,0.24,10.0,26.0,211.0,2.0,0.16,0.051,0.1,0.2,2.8,0.062,0.027,0.16,0.145,0.042,37.0,0.0,37.0,37.0,,0.0,29.0,1.0,0.0,,,,,,,0.0,0.0,,0.024,0.002,0.044,0.0,53.0,1 head,45.0,.5 cup,11.0,1
2921,2921,11152,"CHICORY GREENS,RAW",92.0,23,1.7,0.3,1.3,4.7,4.0,0.7,100.0,0.9,30.0,47.0,420.0,45.0,0.42,0.295,0.429,0.3,24.0,0.06,0.1,0.5,1.159,0.105,110.0,0.0,110.0,110.0,12.8,0.0,5717.0,286.0,0.0,0.0,3430.0,0.0,0.0,10300.0,2.26,0.0,0.0,297.6,0.073,0.006,0.131,0.0,29.0,"1 cup, chopped",,,18.0,11
2922,2922,11154,"CHICORY ROOTS,RAW",80.0,72,1.4,0.2,0.89,17.51,1.5,8.73,41.0,0.8,22.0,61.0,290.0,50.0,0.33,0.077,0.233,0.7,5.0,0.04,0.03,0.4,0.323,0.241,23.0,0.0,23.0,23.0,,0.0,6.0,0.0,0.0,,,,,,,0.0,0.0,,0.048,0.004,0.087,0.0,60.0,1 root,45.0,".5 cup,  (1"" pieces)",18.0,11
2926,2926,11161,"COLLARDS,RAW",89.62,32,3.02,0.61,1.32,5.42,4.0,0.46,232.0,0.47,27.0,25.0,213.0,17.0,0.21,0.046,0.658,1.3,35.3,0.054,0.13,0.742,0.267,0.165,129.0,0.0,129.0,129.0,23.2,0.0,5019.0,251.0,0.0,14.0,2991.0,28.0,0.0,4323.0,2.26,0.0,0.0,437.1,0.055,0.03,0.201,0.0,36.0,"1 cup, chopped",,,43.0,11
2930,2930,11165,"CORIANDER (CILANTRO) LEAVES,RAW",92.21,23,2.13,0.52,1.47,3.67,2.8,0.87,67.0,1.77,26.0,48.0,521.0,46.0,0.5,0.225,0.426,0.9,27.0,0.067,0.162,1.114,0.57,0.149,62.0,0.0,62.0,62.0,12.8,0.0,6748.0,337.0,0.0,36.0,3930.0,202.0,0.0,865.0,2.5,0.0,0.0,310.0,0.014,0.275,0.04,0.0,4.0,.25 cup,20.0,9 sprigs,15.0,11
2955,2955,11203,"CRESS,GARDEN,RAW",89.4,32,2.6,0.7,1.8,5.5,1.1,4.4,81.0,1.3,38.0,76.0,606.0,14.0,0.23,0.17,0.553,0.9,69.0,0.08,0.26,1.0,0.242,0.247,80.0,0.0,80.0,80.0,19.5,0.0,6917.0,346.0,0.0,0.0,4150.0,0.0,0.0,12500.0,0.7,0.0,0.0,541.9,0.023,0.239,0.228,0.0,50.0,1 cup,1.0,1 sprig,29.0,11
2959,2959,11207,"DANDELION GREENS,RAW",85.6,45,2.7,0.7,1.8,9.2,3.5,0.71,187.0,3.1,36.0,66.0,397.0,76.0,0.41,0.171,0.342,0.5,35.0,0.19,0.26,0.806,0.084,0.251,27.0,0.0,27.0,27.0,35.3,0.0,10161.0,508.0,0.0,363.0,5854.0,121.0,0.0,13610.0,3.44,0.0,0.0,778.4,0.17,0.014,0.306,0.0,55.0,"1 cup, chopped",,,0.0,11
2961,2961,11209,"EGGPLANT,RAW",92.3,25,0.98,0.18,0.66,5.88,3.0,3.53,9.0,0.23,14.0,24.0,229.0,2.0,0.16,0.081,0.232,0.3,2.2,0.039,0.037,0.649,0.281,0.084,22.0,0.0,22.0,22.0,6.9,0.0,23.0,1.0,0.0,0.0,14.0,0.0,0.0,36.0,0.3,0.0,0.0,3.5,0.034,0.016,0.076,0.0,82.0,"1 cup, cubes",458.0,"1 eggplant, peeled (yield from 1-1/4 lb)",19.0,11
2965,2965,11213,"ENDIVE,RAW",93.79,17,1.25,0.2,1.41,3.35,3.1,0.25,52.0,0.83,15.0,28.0,314.0,22.0,0.79,0.099,0.42,0.2,6.5,0.08,0.075,0.4,0.9,0.02,142.0,0.0,142.0,142.0,16.8,0.0,2167.0,108.0,0.0,0.0,1300.0,0.0,0.0,0.0,0.44,0.0,0.0,231.0,0.048,0.004,0.087,0.0,25.0,".5 cup, chopped",513.0,1 head,14.0,11
2967,2967,11215,"GARLIC,RAW",58.58,149,6.36,0.5,1.5,33.06,2.1,1.0,181.0,1.7,25.0,153.0,401.0,17.0,1.16,0.299,1.672,14.2,31.2,0.2,0.11,0.7,0.596,1.235,3.0,0.0,3.0,3.0,23.2,0.0,9.0,0.0,0.0,0.0,5.0,0.0,0.0,16.0,0.08,0.0,0.0,1.7,0.089,0.011,0.249,0.0,136.0,1 cup,2.8,1 tsp,13.0,10
2968,2968,11216,"GINGER ROOT,RAW",78.89,80,1.82,0.75,0.77,17.77,2.0,1.7,16.0,0.6,43.0,34.0,415.0,13.0,0.34,0.226,0.229,0.7,5.0,0.025,0.034,0.75,0.203,0.16,11.0,0.0,11.0,11.0,28.8,0.0,0.0,0.0,0.0,0.0,0.0,0.0,0.0,0.0,0.26,0.0,0.0,0.1,0.203,0.154,0.154,0.0,2.0,1 tsp,24.0,".25 cup, slices (1"" dia)",7.0,10
2969,2969,11218,"GOURD,WHITE-FLOWERED (CALABASH),RAW",95.54,14,0.62,0.02,0.43,3.39,0.5,,26.0,0.2,11.0,13.0,150.0,2.0,0.7,0.026,0.066,0.2,10.1,0.029,0.022,0.32,0.152,0.04,6.0,0.0,6.0,6.0,,0.0,16.0,,0.0,,,,,,,0.0,0.0,,0.002,0.004,0.009,0.0,58.0,".5 cup,  (1"" pieces)",771.0,1 gourd,30.0,1
2971,2971,11220,"GOURD,DISHCLOTH (TOWELGOURD),RAW",93.85,20,1.2,0.2,0.4,4.35,1.1,2.02,20.0,0.36,14.0,32.0,139.0,3.0,0.07,0.035,0.092,0.2,12.0,0.05,0.06,0.4,0.218,0.043,7.0,0.0,7.0,7.0,,0.0,410.0,,0.0,,,,,,0.1,0.0,0.0,0.7,0.016,0.037,0.087,0.0,95.0,"1 cup,  (1"" pieces)",178.0,1 gourd,27.0,11
2977,2977,11226,"JERUSALEM-ARTICHOKES,RAW",78.01,73,2.0,0.01,2.54,17.44,1.6,9.6,14.0,3.4,17.0,78.0,429.0,4.0,0.12,0.14,0.06,0.7,4.0,0.2,0.06,1.3,0.397,0.077,13.0,0.0,13.0,13.0,30.0,0.0,20.0,1.0,0.0,0.0,12.0,0.0,0.0,0.0,0.19,0.0,0.0,0.1,0.0,0.004,0.001,0.0,150.0,"1 cup, slices",,,31.0,10
2978,2978,11228,"JEW'S EAR,(PEPEAO),RAW",92.59,25,0.48,0.04,0.15,6.75,,,16.0,0.56,25.0,14.0,43.0,9.0,0.66,0.445,0.101,11.1,0.6,0.081,0.204,0.07,1.99,0.088,19.0,0.0,19.0,19.0,,0.0,0.0,0.0,0.0,,,,,,,0.0,0.0,,,,,0.0,99.0,"1 cup, slices",6.0,1 piece,2.0,1
2980,2980,11231,"JUTE,POTHERB,RAW",87.72,34,4.65,0.25,1.58,5.8,,,208.0,4.76,64.0,83.0,559.0,8.0,0.79,0.255,0.123,0.9,37.0,0.133,0.546,1.26,0.072,0.6,123.0,0.0,123.0,123.0,,0.0,5559.0,278.0,0.0,,,,,,,0.0,0.0,,0.038,0.017,0.12,0.0,28.0,1 cup,,,38.0,1
2982,2982,11233,"KALE,RAW",84.04,49,4.28,0.93,2.01,8.75,3.6,2.26,150.0,1.47,47.0,92.0,491.0,38.0,0.56,1.499,0.659,0.9,120.0,0.11,0.13,1.0,0.091,0.271,141.0,0.0,141.0,141.0,0.8,0.0,9990.0,500.0,0.0,54.0,5927.0,81.0,0.0,8198.0,1.54,0.0,0.0,704.8,0.091,0.052,0.338,0.0,16.0,"1 cup, 1"" pieces, loosely packed",,,28.0,11
2990,2990,11241,"KOHLRABI,RAW",91.0,27,1.7,0.1,1.0,6.2,3.6,2.6,24.0,0.4,19.0,46.0,350.0,20.0,0.03,0.129,0.139,0.7,62.0,0.05,0.02,0.4,0.165,0.15,16.0,0.0,16.0,16.0,12.3,0.0,36.0,2.0,0.0,0.0,22.0,0.0,0.0,0.0,0.48,0.0,0.0,0.1,0.013,0.007,0.048,0.0,135.0,1 cup,16.0,1 slice,54.0,11
2995,2995,11246,"LEEKS,(BULB&LOWER LEAF-PORTION),RAW",83.0,61,1.5,0.3,1.05,14.15,1.8,3.9,59.0,2.1,28.0,35.0,180.0,20.0,0.12,0.12,0.481,1.0,12.0,0.06,0.03,0.4,0.14,0.233,64.0,0.0,64.0,64.0,9.5,0.0,1667.0,83.0,0.0,0.0,1000.0,0.0,0.0,1900.0,0.92,0.0,0.0,47.0,0.04,0.004,0.166,0.0,89.0,1 cup,89.0,1 leek,56.0,11
2999,2999,11250,"LETTUCE,BUTTERHEAD (INCL BOSTON&BIBB TYPES),RAW",95.63,13,1.35,0.22,0.57,2.23,1.1,0.94,35.0,1.24,13.0,33.0,238.0,5.0,0.2,0.016,0.179,0.6,3.7,0.057,0.062,0.357,0.15,0.082,73.0,0.0,73.0,73.0,8.4,0.0,3312.0,166.0,0.0,0.0,1987.0,0.0,0.0,1223.0,0.18,0.0,0.0,102.3,0.029,0.008,0.117,0.0,55.0,"1 cup, shredded or chopped",163.0,"1 head,  (5"" dia)",26.0,11
3000,3000,11251,"LETTUCE,COS OR ROMAINE,RAW",94.61,17,1.23,0.3,0.58,3.29,2.1,1.19,33.0,0.97,14.0,30.0,247.0,8.0,0.23,0.048,0.155,0.4,4.0,0.072,0.067,0.313,0.142,0.074,136.0,0.0,136.0,136.0,9.9,0.0,8710.0,436.0,0.0,0.0,5226.0,0.0,0.0,2312.0,0.13,0.0,0.0,102.5,0.039,0.012,0.16,0.0,47.0,"1 cup, shredded",6.0,"1 leaf, inner",6.0,11
3001,3001,11252,"LETTUCE,ICEBERG (INCL CRISPHEAD TYPES),RAW",95.64,14,0.9,0.14,0.36,2.97,1.2,1.97,18.0,0.41,7.0,20.0,141.0,10.0,0.15,0.025,0.125,0.1,2.8,0.041,0.025,0.123,0.091,0.042,29.0,0.0,29.0,29.0,6.7,0.0,502.0,25.0,0.0,4.0,299.0,0.0,0.0,277.0,0.18,0.0,0.0,24.1,0.018,0.006,0.074,0.0,72.0,"1 cup, shredded",57.0,"1 cup, chopped (1/2"" pieces, loosely packed)",5.0,11
3002,3002,11253,"LETTUCE,GRN LEAF,RAW",94.98,15,1.36,0.15,0.62,2.87,1.3,0.78,36.0,0.86,13.0,29.0,194.0,28.0,0.18,0.029,0.25,0.6,9.2,0.07,0.08,0.375,0.134,0.09,38.0,0.0,38.0,38.0,13.6,0.0,7405.0,370.0,0.0,0.0,4443.0,0.0,0.0,1730.0,0.22,0.0,0.0,126.3,0.02,0.006,0.082,0.0,36.0,"1 cup, shredded",360.0,1 head,36.0,11
3003,3003,11254,"LOTUS ROOT,RAW",79.1,74,2.6,0.1,0.97,17.23,4.9,,45.0,1.16,23.0,100.0,556.0,40.0,0.39,0.257,0.261,0.7,44.0,0.16,0.22,0.4,0.377,0.258,13.0,0.0,13.0,13.0,,0.0,0.0,0.0,0.0,0.0,0.0,0.0,0.0,0.0,,0.0,0.0,,0.03,0.02,0.02,0.0,81.0,"10 slices,  (2-1/2"" dia)",115.0,"1 root,  (9-1/2"" long)",21.0,0
3005,3005,11257,"LETTUCE,RED LEAF,RAW",95.64,16,1.33,0.22,0.55,2.26,0.9,0.48,33.0,1.2,12.0,28.0,187.0,25.0,0.2,0.028,0.203,1.5,3.7,0.064,0.077,0.321,0.144,0.1,36.0,0.0,36.0,36.0,11.8,0.0,7492.0,375.0,0.0,0.0,4495.0,0.0,0.0,1724.0,0.15,0.0,0.0,140.3,0.017,0.005,0.072,0.0,28.0,"1 cup, shredded",2.6,"1 leaf, inner",20.0,11
3006,3006,11258,"MOUNTAIN YAM,HAWAII,RAW",81.44,67,1.34,0.1,0.82,16.3,2.5,0.31,26.0,0.44,12.0,34.0,418.0,13.0,0.27,0.11,0.242,0.7,2.6,0.102,0.019,0.481,0.433,0.179,14.0,0.0,14.0,14.0,,0.0,0.0,,0.0,,,,,,0.21,0.0,0.0,1.4,0.022,0.004,0.045,0.0,68.0,".5 cup, cubes",420.0,1 yam,17.0,11
3008,3008,11260,"MUSHROOMS,WHITE,RAW",92.45,22,3.09,0.34,0.85,3.26,1.0,1.98,3.0,0.5,9.0,86.0,318.0,5.0,0.52,0.318,0.047,9.3,2.1,0.081,0.402,3.607,1.497,0.104,17.0,0.0,17.0,17.0,17.3,0.04,0.0,0.0,0.0,0.0,0.0,0.0,0.0,0.0,0.01,0.2,7.0,0.0,0.05,0.0,0.16,0.0,70.0,"1 cup, pieces or slices",96.0,"1 cup, whole",3.0,11
3012,3012,11265,"MUSHROOMS,PORTABELLA,RAW",92.82,22,2.11,0.35,0.85,3.87,1.3,2.5,3.0,0.31,,108.0,364.0,9.0,0.53,0.286,0.069,18.6,0.0,0.059,0.13,4.494,1.14,0.148,28.0,0.0,28.0,28.0,21.2,0.05,0.0,0.0,0.0,0.0,0.0,0.0,0.0,0.0,0.02,0.3,10.0,0.0,0.06,0.02,0.117,0.0,86.0,"1 cup, diced",84.0,"1 piece, whole",3.0,11
3013,3013,11266,"MUSHROOMS,BROWN,ITALIAN,OR CRIMINI,RAW",92.12,22,2.5,0.1,0.98,4.3,0.6,1.72,18.0,0.4,9.0,120.0,448.0,6.0,1.1,0.5,0.142,26.0,0.0,0.095,0.49,3.8,1.5,0.11,25.0,0.0,25.0,25.0,22.1,0.1,0.0,0.0,0.0,0.0,0.0,0.0,0.0,0.0,0.01,0.1,3.0,0.0,0.014,0.002,0.042,0.0,87.0,"1 cup, whole",72.0,"1 cup, sliced",3.0,11
3017,3017,11270,"MUSTARD GREENS,RAW",90.7,27,2.86,0.42,1.36,4.67,3.2,1.32,115.0,1.64,32.0,58.0,384.0,20.0,0.25,0.165,,0.9,70.0,0.08,0.11,0.8,0.21,0.18,12.0,0.0,12.0,12.0,0.5,0.0,3024.0,151.0,0.0,10.0,1790.0,40.0,0.0,3730.0,2.01,0.0,0.0,257.5,0.01,0.092,0.038,0.0,56.0,"1 cup, chopped",,,7.0,11
3021,3021,11274,"MUSTARD SPINACH,(TENDERGREEN),RAW",92.2,22,2.2,0.3,1.4,3.9,2.8,,210.0,1.5,11.0,28.0,449.0,21.0,0.17,0.075,0.407,0.8,130.0,0.068,0.093,0.678,0.178,0.153,159.0,0.0,159.0,159.0,,0.0,9900.0,495.0,0.0,,,,,,,0.0,0.0,,0.015,0.138,0.057,0.0,150.0,"1 cup, chopped",,,7.0,1
3023,3023,11276,"NEW ZEALAND SPINACH,RAW",94.0,14,1.5,0.2,1.8,2.5,1.5,0.29,58.0,0.8,39.0,28.0,130.0,130.0,0.38,0.093,0.639,0.7,30.0,0.04,0.13,0.5,0.312,0.304,15.0,0.0,15.0,15.0,,0.0,4400.0,,0.0,,,,,,1.42,0.0,0.0,337.0,0.032,0.005,0.084,0.0,56.0,"1 cup, chopped",,,28.0,11
3025,3025,11278,"OKRA,RAW",89.58,33,1.93,0.19,0.86,7.45,3.2,1.48,82.0,0.62,57.0,61.0,299.0,7.0,0.58,0.109,0.788,0.7,23.0,0.2,0.06,1.0,0.245,0.215,60.0,0.0,60.0,60.0,12.3,0.0,716.0,36.0,0.0,27.0,416.0,0.0,0.0,280.0,0.27,0.0,0.0,31.3,0.026,0.017,0.027,0.0,100.0,1 cup,95.0,"8 pods,  (3"" long)",14.0,11
3029,3029,11282,"ONIONS,RAW",89.11,40,1.1,0.1,0.35,9.34,1.7,4.24,23.0,0.21,10.0,29.0,146.0,4.0,0.17,0.039,0.129,0.5,7.4,0.046,0.027,0.116,0.123,0.12,19.0,0.0,19.0,19.0,6.1,0.0,2.0,0.0,0.0,0.0,1.0,0.0,0.0,4.0,0.02,0.0,0.0,0.4,0.042,0.013,0.017,0.0,160.0,"1 cup, chopped",115.0,"1 cup, sliced",10.0,11
3038,3038,11291,"ONIONS,SPRING OR SCALLIONS (INCL TOPS&BULB),RAW",89.83,32,1.83,0.19,0.81,7.34,2.6,2.33,72.0,1.48,20.0,37.0,276.0,16.0,0.39,0.083,0.16,0.6,18.8,0.055,0.08,0.525,0.075,0.061,64.0,0.0,64.0,64.0,5.7,0.0,997.0,50.0,0.0,0.0,598.0,0.0,0.0,1137.0,0.55,0.0,0.0,207.0,0.032,0.027,0.074,0.0,100.0,"1 cup, chopped",6.0,"1 tbsp, chopped",4.0,11
3040,3040,11293,"ONIONS,WELSH,RAW",90.5,34,1.9,0.4,0.7,6.5,2.4,2.18,18.0,1.22,23.0,49.0,212.0,17.0,0.52,0.07,0.137,0.6,27.0,0.05,0.09,0.4,0.169,0.072,16.0,0.0,16.0,16.0,5.3,0.0,1160.0,,0.0,,,,,,0.51,0.0,0.0,193.4,0.067,0.056,0.156,0.0,,,,,35.0,11
3041,3041,11294,"ONIONS,SWT,RAW",91.24,32,0.8,0.08,0.34,7.55,0.9,5.02,20.0,0.26,9.0,27.0,119.0,8.0,0.13,0.056,0.076,0.5,4.8,0.041,0.02,0.133,0.098,0.13,23.0,,23.0,,5.5,,1.0,0.0,,0.0,1.0,0.0,0.0,6.0,0.02,0.0,0.0,0.3,,,,0.0,148.0,1 NLEA serving,331.0,1 onion,16.0,11
3045,3045,11298,"PARSNIPS,RAW",79.53,75,1.2,0.3,0.98,17.99,4.9,4.8,36.0,0.59,29.0,71.0,375.0,10.0,0.59,0.12,0.56,1.8,17.0,0.09,0.05,0.7,0.6,0.09,67.0,0.0,67.0,67.0,,0.0,0.0,0.0,0.0,0.0,0.0,0.0,0.0,0.0,1.49,0.0,0.0,22.5,0.05,0.112,0.047,0.0,133.0,"1 cup, slices",,,15.0,10
3047,3047,11300,"PEAS,EDIBLE-PODDED,RAW",88.89,42,2.8,0.2,0.56,7.55,2.6,4.0,43.0,2.08,24.0,53.0,200.0,4.0,0.27,0.079,0.244,0.7,60.0,0.15,0.08,0.6,0.75,0.16,42.0,0.0,42.0,42.0,17.4,0.0,1087.0,54.0,0.0,44.0,630.0,0.0,0.0,740.0,0.39,0.0,0.0,25.0,0.039,0.021,0.089,0.0,98.0,"1 cup, chopped",63.0,"1 cup, whole",6.0,11
3051,3051,11304,"PEAS,GREEN,RAW",78.86,81,5.42,0.4,0.87,14.45,5.7,5.67,25.0,1.47,33.0,108.0,244.0,5.0,1.24,0.176,0.41,1.8,40.0,0.266,0.132,2.09,0.104,0.169,65.0,0.0,65.0,65.0,28.4,0.0,765.0,38.0,0.0,21.0,449.0,0.0,0.0,2477.0,0.13,0.0,0.0,24.8,0.071,0.035,0.187,0.0,145.0,1 cup,,,62.0,10
3059,3059,11316,"PEAS,MATURE SEEDS,SPROUTED,RAW",62.27,124,8.8,0.68,1.14,27.11,,,36.0,2.26,56.0,165.0,381.0,20.0,1.05,0.272,0.438,0.6,10.4,0.225,0.155,3.088,1.029,0.265,144.0,0.0,144.0,144.0,,0.0,166.0,,,,,,,,,0.0,0.0,,0.124,0.061,0.326,0.0,120.0,1 cup,,,0.0,0
3074,3074,11344,"PIGEONPEAS,IMMAT SEEDS,RAW",65.88,136,7.2,1.64,1.4,23.88,5.1,3.0,42.0,1.6,68.0,127.0,552.0,5.0,1.04,0.134,0.574,1.5,39.0,0.4,0.17,2.2,0.68,0.068,173.0,0.0,173.0,173.0,45.8,0.0,67.0,3.0,0.0,0.0,40.0,0.0,0.0,190.0,0.39,0.0,0.0,24.0,0.354,0.013,0.873,0.0,154.0,1 cup,4.0,10 seeds,52.0,10
3077,3077,11350,"POKEBERRY SHOOTS,(POKE),RAW",91.6,23,2.6,0.4,1.7,3.7,1.7,,53.0,1.7,18.0,44.0,242.0,23.0,0.24,0.157,0.418,0.9,136.0,0.08,0.33,1.2,0.049,0.146,16.0,0.0,16.0,16.0,,0.0,8700.0,435.0,0.0,,,,,,,0.0,0.0,,,,,0.0,160.0,1 cup,,,,1
3079,3079,11352,"POTATOES,FLESH & SKN,RAW",79.25,77,2.05,0.09,1.11,17.49,2.1,0.82,12.0,0.81,23.0,57.0,425.0,6.0,0.3,0.11,0.153,0.4,19.7,0.081,0.032,1.061,0.295,0.298,15.0,0.0,15.0,15.0,12.1,0.0,2.0,0.0,0.0,0.0,1.0,0.0,0.0,9.0,0.01,0.0,0.0,2.0,0.025,0.002,0.042,0.0,75.0,".5 cup, diced",369.0,"1 Potato, large (3"" to 4-1/4"" dia)",25.0,10
3080,3080,11353,"POTATOES,RUSSET,FLESH & SKN,RAW",78.58,79,2.14,0.08,1.13,18.07,1.3,0.62,13.0,0.86,23.0,55.0,417.0,5.0,0.29,0.103,0.157,0.4,5.7,0.082,0.033,1.035,0.301,0.345,14.0,0.0,14.0,14.0,12.6,0.0,1.0,0.0,0.0,0.0,0.0,0.0,0.0,5.0,0.01,0.0,0.0,1.8,0.026,0.002,0.043,0.0,75.0,".5 cup, diced",369.0,"1 potato, large (3"" to 4-1/4"" dia)",25.0,10
3081,3081,11354,"POTATOES,WHITE,FLESH & SKN,RAW",81.58,69,1.68,0.1,0.94,15.71,2.4,1.15,9.0,0.52,21.0,62.0,407.0,16.0,0.29,0.116,0.145,0.3,9.1,0.071,0.034,1.066,0.281,0.203,18.0,0.0,18.0,18.0,11.0,0.0,8.0,0.0,0.0,0.0,5.0,0.0,0.0,13.0,0.01,0.0,0.0,1.6,0.026,0.002,0.043,0.0,75.0,".5 cup, diced",369.0,"1 large,  (3"" to 4-1/4"" dia.)",25.0,11
3082,3082,11355,"POTATOES,RED,FLESH & SKN,RAW",80.96,70,1.89,0.14,1.1,15.9,1.7,1.29,10.0,0.73,22.0,61.0,455.0,18.0,0.33,0.134,0.141,0.5,8.6,0.081,0.031,1.149,0.279,0.17,18.0,0.0,18.0,18.0,16.4,0.0,7.0,0.0,0.0,0.0,4.0,0.0,0.0,21.0,0.01,0.0,0.0,2.9,0.035,0.003,0.059,0.0,75.0,".5 cup, diced",369.0,"1 potato, large (3"" to 4-1/4"" dia)",25.0,11
3089,3089,11362,"POTATOES,RAW,SKIN",83.29,58,2.57,0.1,1.61,12.44,2.5,,30.0,3.24,23.0,38.0,413.0,10.0,0.35,0.423,0.602,0.3,11.4,0.021,0.038,1.033,0.302,0.239,17.0,0.0,17.0,17.0,,0.0,0.0,0.0,0.0,,,,,,,0.0,0.0,,0.026,0.002,0.043,0.0,38.0,1 skin,,,0.0,1
3136,3136,11416,"PUMPKIN FLOWERS,RAW",95.15,15,1.03,0.07,0.48,3.28,,,39.0,0.7,24.0,49.0,173.0,5.0,,,,0.7,28.0,0.042,0.075,0.69,,,59.0,0.0,59.0,59.0,,0.0,1947.0,97.0,0.0,,,,,,,0.0,0.0,,0.036,0.009,0.004,0.0,33.0,1 cup,2.0,1 flower,65.0,1
3138,3138,11418,"PUMPKIN LEAVES,RAW",92.88,19,3.15,0.4,1.24,2.33,,,39.0,2.22,38.0,104.0,436.0,11.0,0.2,0.133,0.355,0.9,11.0,0.094,0.128,0.92,0.042,0.207,36.0,0.0,36.0,36.0,,0.0,1942.0,97.0,0.0,,,,,,,0.0,0.0,,0.207,0.052,0.022,0.0,39.0,1 cup,,,59.0,1
3140,3140,11422,"PUMPKIN,RAW",91.6,26,1.0,0.1,0.8,6.5,0.5,2.76,21.0,0.8,12.0,44.0,340.0,1.0,0.32,0.127,0.125,0.3,9.0,0.05,0.11,0.6,0.298,0.061,16.0,0.0,16.0,16.0,8.2,0.0,8513.0,426.0,0.0,4016.0,3100.0,0.0,0.0,1500.0,1.06,0.0,0.0,1.1,0.052,0.013,0.005,0.0,116.0,"1 cup,  (1"" cubes)",,,30.0,11
3144,3144,11427,"PURSLANE,RAW",92.86,20,2.03,0.36,1.36,3.39,,,65.0,1.99,68.0,44.0,494.0,45.0,0.17,0.113,0.303,0.9,21.0,0.047,0.112,0.48,0.036,0.073,12.0,0.0,12.0,12.0,12.8,0.0,1320.0,,0.0,,,,,,,0.0,0.0,,,,,0.0,43.0,1 cup,3.0,1 plant,24.0,1
3146,3146,11429,"RADISHES,RAW",95.27,16,0.68,0.1,0.55,3.4,1.6,1.86,25.0,0.34,10.0,20.0,233.0,39.0,0.28,0.05,0.069,0.6,14.8,0.012,0.039,0.254,0.165,0.071,25.0,0.0,25.0,25.0,6.5,0.0,7.0,0.0,0.0,0.0,4.0,0.0,0.0,10.0,0.0,0.0,0.0,1.3,0.032,0.017,0.048,0.0,116.0,"1 cup, slices",9.0,"1 large,  (1"" to 1-1/4"" dia)",10.0,11
3147,3147,11430,"RADISHES,ORIENTAL,RAW",94.62,18,0.6,0.1,0.58,4.1,1.6,2.5,27.0,0.4,16.0,23.0,227.0,21.0,0.15,0.115,0.038,0.7,22.0,0.02,0.02,0.2,0.138,0.046,28.0,0.0,28.0,28.0,7.3,0.0,0.0,0.0,0.0,0.0,0.0,0.0,0.0,0.0,0.0,0.0,0.0,0.3,0.03,0.017,0.045,0.0,116.0,"1 cup, slices",338.0,"1 radish,  (7"" long)",21.0,11
3150,3150,11435,"RUTABAGAS,RAW",89.43,37,1.08,0.16,0.71,8.62,2.3,4.46,43.0,0.44,20.0,53.0,305.0,12.0,0.24,0.032,0.131,0.7,25.0,0.09,0.04,0.7,0.16,0.1,21.0,0.0,21.0,21.0,14.1,0.0,2.0,0.0,0.0,0.0,1.0,1.0,14.0,19.0,0.3,0.0,0.0,0.3,0.027,0.025,0.088,0.0,140.0,"1 cup, cubes",772.0,1 large,15.0,11
3159,3159,11447,"SESBANIA FLOWER,RAW",91.58,27,1.28,0.04,0.38,6.73,,,19.0,0.84,12.0,30.0,184.0,15.0,,,,0.9,73.0,0.083,0.081,0.43,,,102.0,0.0,102.0,102.0,,0.0,0.0,0.0,0.0,,,,,,,0.0,0.0,,,,,0.0,3.0,1 flower,20.0,"1 cup,  flowers",15.0,1
3166,3166,11457,"SPINACH,RAW",91.4,23,2.86,0.39,1.72,3.63,2.2,0.42,99.0,2.71,79.0,49.0,558.0,79.0,0.53,0.13,0.897,1.0,28.1,0.078,0.189,0.724,0.065,0.195,194.0,0.0,194.0,194.0,19.3,0.0,9377.0,469.0,0.0,0.0,5626.0,0.0,0.0,12198.0,2.03,0.0,0.0,482.9,0.063,0.01,0.165,0.0,30.0,1 cup,340.0,1 bunch,28.0,11
3172,3172,11467,"SQUASH,SMMR,CROOKNECK&STRAIGHTNECK,RAW",94.28,19,1.01,0.27,0.56,3.88,1.0,2.88,21.0,0.44,20.0,32.0,222.0,2.0,0.29,0.092,0.172,0.2,19.3,0.051,0.041,0.448,0.16,0.104,19.0,0.0,19.0,19.0,7.1,0.0,150.0,8.0,0.0,0.0,90.0,0.0,0.0,290.0,0.13,0.0,0.0,3.2,0.093,0.013,0.082,0.0,127.0,"1 cup, sliced",,,1.0,11
3179,3179,11477,"SQUASH,SMMR,ZUCCHINI,INCL SKN,RAW",94.79,17,1.21,0.32,0.58,3.11,1.0,2.5,16.0,0.37,18.0,38.0,261.0,8.0,0.32,0.053,0.177,0.2,17.9,0.045,0.094,0.451,0.204,0.163,24.0,0.0,24.0,24.0,9.5,0.0,200.0,10.0,0.0,0.0,120.0,0.0,0.0,2125.0,0.12,0.0,0.0,4.3,0.084,0.011,0.091,0.0,124.0,"1 cup, chopped",113.0,"1 cup, sliced",5.0,11
3187,3187,11485,"SQUASH,WNTR,BUTTERNUT,RAW",86.41,45,1.0,0.1,0.8,11.69,2.0,2.2,48.0,0.7,34.0,33.0,352.0,4.0,0.15,0.072,0.202,0.5,21.0,0.1,0.02,1.2,0.4,0.154,27.0,0.0,27.0,27.0,,0.0,10630.0,532.0,0.0,834.0,4226.0,3471.0,0.0,0.0,1.44,0.0,0.0,1.1,0.021,0.007,0.042,0.0,140.0,"1 cup, cubes",,,16.0,11
3191,3191,11489,"SQUASH,WINTER,HUBBARD,RAW",88.0,40,2.0,0.5,0.8,8.7,3.9,3.95,14.0,0.4,19.0,21.0,320.0,7.0,0.13,0.064,0.179,0.5,11.0,0.07,0.04,0.5,0.4,0.154,16.0,0.0,16.0,16.0,11.8,0.0,1367.0,68.0,0.0,0.0,820.0,0.0,0.0,0.0,0.16,0.0,0.0,1.3,0.103,0.037,0.21,0.0,116.0,"1 cup, cubes",,,36.0,11
3194,3194,11492,"SQUASH,WNTR,SPAGHETTI,RAW",91.6,31,0.64,0.57,0.28,6.91,1.5,2.76,23.0,0.31,12.0,12.0,108.0,17.0,0.19,0.037,0.125,0.3,2.1,0.037,0.018,0.95,0.36,0.101,12.0,0.0,12.0,12.0,8.2,0.0,120.0,6.0,0.0,16.0,64.0,0.0,0.0,0.0,0.13,0.0,0.0,0.9,0.117,0.042,0.239,0.0,101.0,"1 cup, cubes",,,29.0,11
3202,3202,11503,"SWAMP CABBAGE,(SKUNK CABBAGE),RAW",92.47,19,2.6,0.2,1.6,3.14,2.1,,77.0,1.67,71.0,39.0,312.0,113.0,0.18,0.023,0.16,0.9,55.0,0.03,0.1,0.9,0.141,0.096,57.0,0.0,57.0,57.0,,0.0,6300.0,315.0,0.0,,,,,,,0.0,0.0,,,,,0.0,56.0,"1 cup, chopped",13.0,1 shoot,23.0,1
3204,3204,11505,"SWEET POTATO LEAVES,RAW",86.81,42,2.49,0.51,1.36,8.82,5.3,,78.0,0.97,70.0,81.0,508.0,6.0,,,,0.9,11.0,0.156,0.345,1.13,0.225,0.19,,0.0,1.0,1.0,,0.0,3778.0,189.0,0.0,42.0,2217.0,58.0,0.0,14720.0,,0.0,0.0,302.2,0.111,0.02,0.228,0.0,35.0,"1 cup, chopped",16.0,"1 leaf,  (12-1/4"" long)",6.0,1
3206,3206,11507,"SWEET POTATO,RAW,UNPREP",77.28,86,1.57,0.05,0.99,20.12,3.0,4.18,30.0,0.61,25.0,47.0,337.0,55.0,0.3,0.151,0.258,0.6,2.4,0.078,0.061,0.557,0.8,0.209,11.0,0.0,11.0,11.0,12.3,0.0,14187.0,709.0,0.0,7.0,8509.0,0.0,0.0,0.0,0.26,0.0,0.0,1.8,0.018,0.001,0.014,0.0,133.0,"1 cup, cubes",130.0,"1 sweetpotato,  5"" long",28.0,10
3213,3213,11518,"TARO,RAW",70.64,112,1.5,0.2,1.2,26.46,4.1,0.4,43.0,0.55,33.0,84.0,591.0,11.0,0.23,0.172,0.383,0.7,4.5,0.095,0.025,0.6,0.303,0.283,22.0,0.0,22.0,22.0,17.3,0.0,76.0,4.0,0.0,0.0,35.0,20.0,0.0,0.0,2.38,0.0,0.0,1.0,0.041,0.016,0.083,0.0,104.0,"1 cup, sliced",,,14.0,10
3215,3215,11520,"TARO LEAVES,RAW",85.66,42,4.98,0.74,1.92,6.7,3.7,3.01,107.0,2.25,45.0,60.0,648.0,3.0,0.41,0.27,0.714,0.9,52.0,0.209,0.456,1.513,0.084,0.146,126.0,0.0,126.0,126.0,12.8,0.0,4825.0,241.0,0.0,0.0,2895.0,0.0,0.0,1932.0,2.02,0.0,0.0,108.6,0.151,0.06,0.307,0.0,28.0,1 cup,10.0,"1 leaf,  (11"" x 6-1/2"")",40.0,11
3217,3217,11522,"TARO SHOOTS,RAW",95.82,11,0.92,0.09,0.85,2.32,,,12.0,0.6,8.0,28.0,332.0,1.0,0.51,0.088,0.122,0.9,21.0,0.04,0.05,0.8,0.075,0.111,3.0,0.0,3.0,3.0,,0.0,50.0,3.0,0.0,,,,,,,0.0,0.0,,0.018,0.007,0.037,0.0,43.0,".5 cup, slices",83.0,1 shoot,12.0,1
3219,3219,11525,"TARO,TAHITIAN,RAW",87.96,44,2.79,0.97,1.38,6.91,,,129.0,1.3,47.0,45.0,606.0,50.0,0.09,0.071,0.157,0.7,96.0,0.062,0.244,0.995,0.124,0.116,9.0,0.0,9.0,9.0,,0.0,2045.0,102.0,0.0,,,,,,,0.0,0.0,,0.197,0.078,0.4,0.0,125.0,"1 cup, slices",,,,1
3221,3221,11527,"TOMATOES,GREEN,RAW",93.0,23,1.2,0.2,0.5,5.1,1.1,4.0,13.0,0.51,10.0,28.0,204.0,13.0,0.07,0.09,0.1,0.4,23.4,0.06,0.04,0.5,0.5,0.081,9.0,0.0,9.0,9.0,8.6,0.0,642.0,32.0,0.0,78.0,346.0,0.0,0.0,0.0,0.38,0.0,0.0,10.1,0.028,0.03,0.081,0.0,180.0,1 cup,182.0,1 large,9.0,11
3222,3222,11529,"TOMATOES,RED,RIPE,RAW,YEAR RND AVERAGE",94.52,18,0.88,0.2,0.5,3.89,1.2,2.63,10.0,0.27,11.0,24.0,237.0,5.0,0.17,0.059,0.114,0.0,13.7,0.037,0.019,0.594,0.089,0.08,15.0,0.0,15.0,15.0,6.7,0.0,833.0,42.0,0.0,101.0,449.0,0.0,2573.0,123.0,0.54,0.0,0.0,7.9,0.028,0.031,0.083,0.0,149.0,"1 cup,  cherry tomatoes",180.0,"1 cup, chopped or sliced",9.0,11
3238,3238,11564,"TURNIPS,RAW",91.87,28,0.9,0.1,0.7,6.43,1.8,3.8,30.0,0.3,11.0,27.0,191.0,67.0,0.27,0.085,0.134,0.7,21.0,0.04,0.03,0.4,0.2,0.09,15.0,0.0,15.0,15.0,11.1,0.0,0.0,0.0,0.0,0.0,0.0,0.0,0.0,0.0,0.03,0.0,0.0,0.1,0.011,0.006,0.053,0.0,130.0,"1 cup, cubes",183.0,1 large,19.0,11
3242,3242,11568,"TURNIP GREENS,RAW",89.67,32,1.5,0.3,1.4,7.13,3.2,0.81,190.0,1.1,31.0,42.0,296.0,40.0,0.19,0.35,0.466,1.2,60.0,0.07,0.1,0.6,0.38,0.263,194.0,0.0,194.0,194.0,,0.0,11587.0,579.0,0.0,0.0,6952.0,0.0,0.0,12825.0,2.86,0.0,0.0,251.0,0.07,0.02,0.12,0.0,55.0,"1 cup, chopped",,,30.0,11
3255,3255,11587,"VINESPINACH,(BASELLA),RAW",93.1,19,1.8,0.3,1.4,3.4,,,109.0,1.2,65.0,52.0,510.0,24.0,0.43,0.107,0.735,0.8,102.0,0.05,0.155,0.5,0.053,0.24,140.0,0.0,140.0,140.0,,0.0,8000.0,400.0,0.0,,,,,,,0.0,0.0,,,,,0.0,,,,,0.0,1
3258,3258,11591,"WATERCRESS,RAW",95.11,11,2.3,0.1,1.2,1.29,0.5,0.2,120.0,0.2,21.0,60.0,330.0,41.0,0.11,0.077,0.244,0.9,43.0,0.09,0.12,0.2,0.31,0.129,9.0,0.0,9.0,9.0,9.0,0.0,3191.0,160.0,0.0,0.0,1914.0,0.0,0.0,5767.0,1.0,0.0,0.0,250.0,0.027,0.008,0.035,0.0,34.0,"1 cup, chopped",2.5,1 sprig,8.0,11
3261,3261,11595,"WINGED BNS,IMMAT SEEDS,RAW",87.04,49,6.95,0.87,0.83,4.31,,,84.0,1.5,34.0,37.0,223.0,4.0,0.39,0.051,0.218,1.5,18.3,0.14,0.1,0.9,0.059,0.113,66.0,0.0,66.0,66.0,,0.0,128.0,,0.0,,,,,,,0.0,0.0,,0.238,0.25,0.186,0.0,44.0,"1 cup, slices",16.0,1 pod,2.0,1
3265,3265,11601,"YAM,RAW",69.6,118,1.53,0.17,0.82,27.88,4.1,0.5,17.0,0.54,21.0,55.0,816.0,9.0,0.24,0.178,0.397,0.7,17.1,0.112,0.032,0.552,0.314,0.293,23.0,0.0,23.0,23.0,16.5,0.0,138.0,7.0,0.0,0.0,83.0,0.0,0.0,0.0,0.35,0.0,0.0,2.3,0.037,0.006,0.076,0.0,150.0,"1 cup, cubes",,,14.0,10
3271,3271,11613,"BORAGE,RAW",93.0,21,1.8,0.7,1.44,3.06,,,93.0,3.3,52.0,53.0,470.0,80.0,0.2,0.13,0.349,0.9,35.0,0.06,0.15,0.9,0.041,0.084,13.0,0.0,13.0,13.0,,0.0,4200.0,210.0,0.0,,,,,,,0.0,0.0,,0.17,0.211,0.109,0.0,89.0,"1 cup,  (1"" pieces)",,,20.0,1
3274,3274,11616,"DOCK,RAW",93.0,22,2.0,0.7,1.1,3.2,2.9,,44.0,2.4,103.0,63.0,390.0,4.0,0.2,0.131,0.349,0.9,48.0,0.04,0.1,0.5,0.041,0.122,13.0,0.0,13.0,13.0,,0.0,4000.0,200.0,0.0,,,,,,,0.0,0.0,,,,,0.0,133.0,"1 cup, chopped",,,30.0,1
3276,3276,11618,"EPPAW,RAW",60.0,150,4.6,1.8,1.92,31.68,,,110.0,1.15,32.0,165.0,340.0,12.0,1.15,0.234,1.094,0.9,13.0,0.11,0.12,0.3,1.172,0.176,24.0,0.0,24.0,24.0,,0.0,0.0,0.0,0.0,,,,,,,0.0,0.0,,,,,0.0,100.0,1 cup,,,,0
3279,3279,11622,"KALE,SCOTCH,RAW",87.0,42,2.8,0.6,1.28,8.32,1.7,,205.0,3.0,88.0,62.0,450.0,70.0,0.37,0.243,0.648,0.9,130.0,0.07,0.06,1.3,0.076,0.227,28.0,0.0,28.0,28.0,,0.0,3100.0,155.0,0.0,,,,,,,0.0,0.0,,0.078,0.045,0.289,0.0,67.0,"1 cup, chopped",,,39.0,1
3286,3286,11637,"RADISHES,WHITE ICICLE,RAW",95.37,14,1.1,0.1,0.8,2.63,1.4,,27.0,0.8,9.0,28.0,280.0,16.0,0.13,0.099,0.033,0.7,29.0,0.03,0.02,0.3,0.184,0.075,14.0,0.0,14.0,14.0,,0.0,0.0,0.0,0.0,,,,,,,0.0,0.0,,0.03,0.016,0.045,0.0,50.0,".5 cup, slices",17.0,"1 radish,  (7"" long)",35.0,1
3288,3288,11641,"SQUASH,SMMR,ALL VAR,RAW",94.64,16,1.21,0.18,0.62,3.35,1.1,2.2,15.0,0.35,17.0,38.0,262.0,2.0,0.29,0.051,0.175,0.2,17.0,0.048,0.142,0.487,0.155,0.218,29.0,0.0,29.0,29.0,6.7,0.0,200.0,10.0,0.0,0.0,120.0,0.0,0.0,2125.0,0.12,0.0,0.0,3.0,0.044,0.016,0.089,0.0,113.0,"1 cup, sliced",323.0,1 large,5.0,11
3290,3290,11643,"SQUASH,WNTR,ALL VAR,RAW",89.76,34,0.95,0.13,0.57,8.59,1.5,2.2,28.0,0.58,14.0,23.0,350.0,4.0,0.21,0.071,0.163,0.4,12.3,0.03,0.062,0.5,0.188,0.156,24.0,0.0,24.0,24.0,10.0,0.0,1367.0,68.0,0.0,0.0,820.0,0.0,0.0,38.0,0.12,0.0,0.0,1.1,0.027,0.01,0.056,0.0,116.0,"1 cup, cubes",,,29.0,11
3312,3312,11676,"RADISH SEEDS,SPROUTED,RAW",90.07,43,3.81,2.53,0.53,3.6,,,51.0,0.86,44.0,113.0,86.0,6.0,0.56,0.12,0.26,0.6,28.9,0.102,0.103,2.853,0.733,0.285,95.0,0.0,95.0,95.0,,0.0,391.0,20.0,0.0,,,,,,,0.0,0.0,,0.767,0.419,1.141,0.0,38.0,1 cup,,,0.0,1
3313,3313,11677,"SHALLOTS,RAW",79.8,72,2.5,0.1,0.8,16.8,3.2,7.87,37.0,1.2,21.0,60.0,334.0,12.0,0.4,0.088,0.292,1.2,8.0,0.06,0.02,0.2,0.29,0.345,34.0,0.0,34.0,34.0,11.3,0.0,4.0,0.0,0.0,0.0,3.0,0.0,0.0,8.0,0.04,0.0,0.0,0.8,0.017,0.014,0.039,0.0,10.0,"1 tbsp, chopped",,,12.0,10
3317,3317,11696,"TOMATOES,YELLOW,RAW",95.28,15,0.98,0.26,0.5,2.98,0.7,,11.0,0.49,12.0,36.0,258.0,23.0,0.28,0.101,0.12,0.4,9.0,0.041,0.047,1.179,0.11,0.056,30.0,0.0,30.0,30.0,,0.0,0.0,0.0,0.0,,,,,,,0.0,0.0,,0.036,0.04,0.108,0.0,139.0,"1 cup, chopped",212.0,1 tomato,9.0,1
3318,3318,11697,"ARROWROOT,RAW",80.75,65,4.24,0.2,1.42,13.39,1.3,,6.0,2.22,25.0,98.0,454.0,26.0,0.63,0.121,0.174,0.7,1.9,0.143,0.059,1.693,0.292,0.266,338.0,0.0,338.0,338.0,,0.0,19.0,1.0,0.0,0.0,11.0,0.0,,,,0.0,0.0,,0.039,0.004,0.092,0.0,120.0,"1 cup, sliced",33.0,1 root,15.0,1
3356,3356,11739,"BROCCOLI,LEAVES,RAW",90.69,28,2.98,0.35,0.92,5.06,2.3,1.48,48.0,0.88,25.0,66.0,325.0,27.0,0.4,0.045,0.229,3.0,93.2,0.065,0.119,0.638,0.535,0.159,71.0,0.0,71.0,71.0,,0.0,16000.0,,0.0,,,,,,,0.0,0.0,,0.054,0.024,0.167,0.0,,,,,0.0,11
3357,3357,11740,"BROCCOLI,FLOWER CLUSTERS,RAW",90.69,28,2.98,0.35,0.92,5.06,2.3,1.48,48.0,0.88,25.0,66.0,325.0,27.0,0.4,0.045,0.229,3.0,93.2,0.065,0.119,0.638,0.535,0.159,71.0,0.0,71.0,71.0,,0.0,3000.0,,0.0,,,,,,,0.0,0.0,,0.054,0.024,0.167,0.0,71.0,"1 cup,  flowerets",11.0,1 floweret,0.0,11
3358,3358,11741,"BROCCOLI,STALKS,RAW",90.69,28,2.98,0.35,0.92,5.24,,,48.0,0.88,25.0,66.0,325.0,27.0,0.4,0.045,0.229,3.0,93.2,0.065,0.119,0.638,0.535,0.159,71.0,0.0,71.0,71.0,,0.0,400.0,20.0,0.0,,,,,,,0.0,0.0,,0.054,0.024,0.167,0.0,114.0,1 stalk,,,0.0,1
3366,3366,11749,"CABBAGE,COMMON,FRESHLY HARVEST,RAW",92.52,24,1.21,0.18,0.72,5.37,2.3,,47.0,0.56,15.0,23.0,246.0,18.0,0.18,0.023,0.159,0.9,51.0,0.05,0.03,0.3,0.14,0.095,57.0,0.0,57.0,57.0,,0.0,126.0,6.0,0.0,,,,,,,0.0,0.0,,0.023,0.013,0.087,0.0,35.0,".5 cup, shredded",908.0,1 head,20.0,1
3367,3367,11750,"CABBAGE,COMMON (DANISH,DOMESTIC,&POINTED TYPES),STORED,RAW",92.52,24,1.21,0.18,0.72,5.37,2.3,,47.0,0.56,15.0,23.0,246.0,18.0,0.18,0.023,0.159,0.9,42.0,0.05,0.03,0.3,0.14,0.095,57.0,0.0,57.0,57.0,,0.0,126.0,6.0,0.0,,,,,,,0.0,0.0,,0.023,0.013,0.087,0.0,35.0,".5 cup, shredded",908.0,1 head,20.0,1
3546,3546,11936,"MUSHROOMS,BROWN,ITALIAN,OR CRIMINI,EXPOSED TO UV LT,RAW",92.12,22,2.5,0.1,0.98,4.3,0.6,1.72,18.0,0.4,9.0,120.0,448.0,6.0,1.1,0.5,0.142,26.0,0.0,0.095,0.49,3.8,1.5,0.11,28.0,0.0,28.0,28.0,22.1,0.1,0.0,0.0,0.0,0.0,0.0,0.0,0.0,0.0,0.01,31.9,1276.0,0.0,0.014,0.002,0.042,0.0,87.0,"1 cup, whole",72.0,"1 cup, sliced",0.0,11
3548,3548,11938,"MUSHROOM,WHITE,EXPOSED TO UV LT,RAW",92.45,22,3.09,0.34,0.85,3.26,1.0,1.98,3.0,0.5,9.0,86.0,318.0,5.0,0.52,0.318,0.047,9.3,2.1,0.081,0.402,3.607,1.497,0.104,17.0,0.0,17.0,17.0,17.3,0.0,0.0,,0.0,,,,,,0.01,26.2,1046.0,0.0,0.05,0.0,0.16,0.0,70.0,"1 cup, pieces or slices",96.0,"1 cup, whole",0.0,11
3559,3559,11950,"MUSHROOMS,ENOKI,RAW",88.34,37,2.66,0.29,0.91,7.81,2.7,0.22,0.0,1.15,16.0,105.0,359.0,3.0,0.65,0.107,0.075,2.2,0.0,0.225,0.2,7.032,1.35,0.1,48.0,0.0,48.0,48.0,47.7,0.0,,,0.0,,,,,,0.01,0.1,5.0,0.0,0.02,0.0,0.09,0.0,5.0,1 large,3.0,1 medium,16.0,11
3561,3561,11952,"RADICCHIO,RAW",93.14,23,1.43,0.25,0.7,4.48,0.9,0.6,19.0,0.57,13.0,40.0,302.0,22.0,0.62,0.341,0.138,0.9,8.0,0.016,0.028,0.255,0.269,0.057,60.0,0.0,60.0,60.0,10.9,0.0,27.0,1.0,0.0,0.0,16.0,0.0,0.0,8832.0,2.26,0.0,0.0,255.2,0.06,0.01,0.11,0.0,40.0,"1 cup, shredded",8.0,1 leaf,9.0,11
3562,3562,11953,"SQUASH,ZUCCHINI,BABY,RAW",92.73,21,2.71,0.4,1.05,3.11,1.1,,21.0,0.79,33.0,93.0,459.0,3.0,0.83,0.097,0.196,0.3,34.1,0.042,0.036,0.705,0.367,0.142,20.0,0.0,20.0,20.0,,0.0,490.0,25.0,0.0,,,,,,,0.0,0.0,,0.083,0.031,0.169,0.0,16.0,1 large,11.0,1 medium,13.0,1
3563,3563,11954,"TOMATILLOS,RAW",91.63,32,0.96,1.02,0.55,5.84,1.9,3.93,7.0,0.62,20.0,39.0,268.0,1.0,0.22,0.079,0.153,0.5,11.7,0.044,0.035,1.85,0.15,0.056,7.0,0.0,7.0,7.0,7.6,0.0,114.0,6.0,0.0,10.0,63.0,0.0,0.0,467.0,0.38,0.0,0.0,10.1,0.139,0.155,0.417,0.0,34.0,1 medium,66.0,".5 cup, chopped or diced",,11
3566,3566,11957,"FENNEL,BULB,RAW",90.21,31,1.24,0.2,1.05,7.3,3.1,3.93,49.0,0.73,17.0,50.0,414.0,52.0,0.2,0.066,0.191,0.7,12.0,0.01,0.032,0.64,0.232,0.047,27.0,0.0,27.0,27.0,13.2,0.0,963.0,48.0,0.0,0.0,578.0,0.0,0.0,607.0,0.58,0.0,0.0,62.8,0.09,0.068,0.169,0.0,87.0,"1 cup, sliced",234.0,1 bulb,28.0,11
3568,3568,11959,"ARUGULA,RAW",91.71,25,2.58,0.66,1.4,3.65,1.6,2.05,160.0,1.46,47.0,52.0,369.0,27.0,0.47,0.076,0.321,0.3,15.0,0.044,0.086,0.305,0.437,0.073,97.0,0.0,97.0,97.0,15.3,0.0,2373.0,119.0,0.0,0.0,1424.0,0.0,0.0,3555.0,0.43,0.0,0.0,108.6,0.086,0.049,0.319,0.0,2.0,1 leaf,10.0,.5 cup,40.0,11
3569,3569,11960,"CARROTS,BABY,RAW",90.35,35,0.64,0.13,0.63,8.24,2.9,4.76,32.0,0.89,10.0,28.0,237.0,78.0,0.17,0.1,0.151,0.9,2.6,0.03,0.036,0.556,0.401,0.105,27.0,0.0,27.0,27.0,7.5,0.0,13790.0,690.0,0.0,3767.0,6391.0,0.0,0.0,358.0,,0.0,0.0,9.4,0.023,0.007,0.065,0.0,15.0,1 large,10.0,1 medium,0.0,11
3572,3572,11963,"NOPALES,RAW",94.12,16,1.32,0.09,1.14,3.33,2.2,1.15,164.0,0.59,52.0,16.0,257.0,21.0,0.25,0.052,0.457,0.7,9.3,0.012,0.041,0.41,0.167,0.07,3.0,0.0,3.0,3.0,7.3,0.0,457.0,23.0,0.0,48.0,250.0,0.0,0.0,0.0,0.0,0.0,0.0,5.3,0.016,0.018,0.05,0.0,86.0,"1 cup, sliced",,,4.0,11
3574,3574,11965,"CAULIFLOWER,GREEN,RAW",89.79,31,2.95,0.3,0.88,6.09,3.2,3.03,33.0,0.73,20.0,62.0,300.0,23.0,0.64,0.041,0.247,0.6,88.1,0.08,0.102,0.734,0.696,0.222,57.0,0.0,57.0,57.0,57.1,0.0,155.0,8.0,0.0,0.0,93.0,0.0,0.0,42.0,0.04,0.0,0.0,20.2,0.047,0.028,0.133,0.0,64.0,1 cup,25.0,1 floweret,39.0,11
3591,3591,11984,"EPAZOTE,RAW",89.21,32,0.33,0.52,2.5,7.44,3.8,,275.0,1.88,121.0,86.0,633.0,43.0,1.1,0.19,3.098,0.9,3.6,0.028,0.348,0.639,0.179,0.152,215.0,0.0,215.0,215.0,,0.0,57.0,3.0,0.0,,38.0,,,,,0.0,0.0,,,,,0.0,0.8,1 tbsp,2.0,1 sprig,0.0,1
3592,3592,11985,"FIREWEED,LEAVES,RAW",70.78,103,4.71,2.75,2.54,19.22,10.6,,429.0,2.4,156.0,108.0,494.0,34.0,2.66,0.32,6.704,0.9,2.2,0.033,0.137,4.674,1.356,0.632,112.0,0.0,112.0,112.0,,0.0,3598.0,180.0,0.0,,,,,,,0.0,0.0,,,,,0.0,23.0,"1 cup, chopped",22.0,1 plant,65.0,0
3597,3597,11990,"WASABI,ROOT,RAW",69.11,109,4.8,0.63,1.92,23.54,7.8,,128.0,1.03,69.0,80.0,568.0,17.0,1.62,0.155,0.391,,41.9,0.131,0.114,0.743,0.203,0.274,18.0,0.0,18.0,18.0,,0.0,35.0,2.0,0.0,0.0,21.0,0.0,,,,0.0,0.0,,,,,0.0,130.0,"1 cup, sliced",169.0,1 root,23.0,0
3598,3598,11991,"YAUTIA (TANNIER),RAW",73.06,98,1.46,0.4,1.45,23.63,1.5,,9.0,0.98,24.0,51.0,598.0,21.0,0.5,0.257,0.186,0.7,5.2,0.097,0.04,0.667,0.209,0.237,17.0,0.0,17.0,17.0,,0.0,8.0,0.0,0.0,0.0,5.0,0.0,,,,0.0,0.0,,0.082,,,0.0,135.0,"1 cup, sliced",305.0,1 root,14.0,0
3600,3600,11993,"MUSHROOMS,MAITAKE,RAW",90.37,31,1.94,0.19,0.53,6.97,2.7,2.07,1.0,0.3,10.0,74.0,204.0,1.0,0.75,0.252,0.059,2.2,0.0,0.146,0.242,6.585,0.27,0.056,21.0,0.0,21.0,21.0,51.1,0.0,0.0,0.0,0.0,0.0,0.0,0.0,0.0,0.0,0.01,28.1,1123.0,0.0,0.03,0.03,0.09,0.0,70.0,"1 cup, diced",1.1,"1 piece, whole",0.0,11
3601,3601,11994,"BROCCOLI,CHINESE,RAW",92.55,30,1.2,0.76,0.83,4.67,2.6,0.88,105.0,0.59,19.0,43.0,274.0,7.0,0.41,0.064,,1.4,29.6,0.1,0.153,0.459,,0.074,104.0,0.0,104.0,104.0,26.5,0.0,1720.0,86.0,0.0,0.0,1032.0,0.0,0.0,957.0,0.5,0.0,0.0,89.1,0.116,0.053,0.347,0.0,,,,,12.0,11
3602,3602,11995,"FIDDLEHEAD FERNS,RAW",88.68,34,4.55,0.4,0.83,5.54,,,32.0,1.31,34.0,101.0,370.0,1.0,0.83,0.32,0.51,,26.6,0.02,0.21,4.98,,,,,,,,0.0,3617.0,181.0,0.0,261.0,2040.0,,,,,0.0,0.0,,,,,0.0,,,,,,1
3604,3604,11998,"MUSHROOMS,PORTABELLA,EXPOSED TO UV LT,RAW",92.82,22,2.11,0.35,0.85,3.87,1.3,2.5,3.0,0.31,10.0,108.0,364.0,9.0,0.53,0.286,0.069,18.6,0.0,0.059,0.13,4.494,1.14,0.148,28.0,0.0,28.0,28.0,21.2,0.05,0.0,0.0,,0.0,0.0,0.0,0.0,0.0,0.02,28.4,1135.0,0.0,0.06,0.02,0.117,0.0,86.0,"1 cup, diced",84.0,"1 piece, whole",3.0,11
4804,4804,16067,"HYACINTH BNS,MATURE SEEDS,RAW",9.38,344,23.9,1.69,4.29,60.74,25.6,,130.0,5.1,283.0,372.0,1235.0,21.0,9.3,1.335,1.573,8.2,0.0,1.13,0.136,1.61,1.237,0.155,23.0,0.0,23.0,23.0,,0.0,0.0,0.0,0.0,0.0,0.0,0.0,0.0,0.0,,0.0,0.0,,0.288,0.076,0.715,0.0,210.0,1 cup,,,0.0,0
4808,4808,16071,"LIMA BNS,LRG,MATURE SEEDS,RAW",10.17,338,21.46,0.69,4.3,63.38,19.0,8.5,81.0,7.51,224.0,385.0,1724.0,18.0,2.83,0.74,1.672,7.2,0.0,0.507,0.202,1.537,1.355,0.512,395.0,0.0,395.0,395.0,96.7,0.0,0.0,0.0,0.0,0.0,0.0,0.0,0.0,0.0,0.72,0.0,0.0,6.0,0.161,0.062,0.309,0.0,178.0,1 cup,11.1,1 tbsp,0.0,10
4811,4811,16074,"LIMA BNS,THIN SEEDED (BABY),MATURE SEEDS,RAW",12.07,335,20.62,0.93,3.55,62.83,20.6,8.32,81.0,6.19,188.0,370.0,1403.0,13.0,2.6,0.665,1.686,7.0,0.0,0.574,0.218,1.712,1.265,0.327,400.0,0.0,400.0,400.0,,0.0,0.0,0.0,0.0,0.0,0.0,0.0,0.0,0.0,0.7,0.0,0.0,5.9,0.219,0.084,0.42,0.0,202.0,1 cup,,,0.0,10
4817,4817,16080,"MUNG BNS,MATURE SEEDS,RAW",9.05,347,23.86,1.15,3.32,62.62,16.3,6.6,132.0,6.74,189.0,367.0,1246.0,15.0,2.68,0.941,1.035,8.2,4.8,0.621,0.233,2.251,1.91,0.382,625.0,0.0,625.0,625.0,97.9,0.0,114.0,6.0,0.0,0.0,68.0,0.0,0.0,0.0,0.51,0.0,0.0,9.0,0.348,0.161,0.384,0.0,207.0,1 cup,13.0,1 tbsp,0.0,10
4820,4820,16083,"MUNGO BNS,MATURE SEEDS,RAW",10.8,341,25.21,1.64,3.36,58.99,18.3,,138.0,7.57,267.0,379.0,983.0,38.0,3.35,0.981,1.527,8.2,0.0,0.273,0.254,1.447,0.906,0.281,216.0,0.0,216.0,216.0,,0.0,23.0,1.0,0.0,,,,,,,0.0,0.0,,0.114,0.085,1.071,0.0,207.0,1 cup,,,0.0,0
4822,4822,16085,"PEAS,GRN,SPLIT,MATURE SEEDS,RAW",8.62,352,23.82,1.16,2.66,63.74,25.5,8.0,37.0,4.82,49.0,321.0,823.0,15.0,3.55,0.815,1.22,4.1,1.8,0.726,0.215,2.889,1.758,0.174,274.0,0.0,274.0,274.0,95.5,0.0,149.0,7.0,0.0,0.0,89.0,0.0,0.0,0.0,0.09,0.0,0.0,14.5,0.161,0.242,0.495,0.0,197.0,1 cup,453.6,1 lb,0.0,10
4868,4868,16133,"YARDLONG BNS,MATURE SEEDS,RAW",8.43,347,24.33,1.31,4.03,61.91,11.0,,138.0,8.61,338.0,559.0,1157.0,17.0,3.5,0.879,1.59,8.2,1.6,0.887,0.235,2.158,1.556,0.371,658.0,0.0,658.0,658.0,,0.0,52.0,3.0,0.0,,,,,,,0.0,0.0,,0.339,0.114,0.565,0.0,167.0,1 cup,,,0.0,0
4870,4870,16135,"WINGED BNS,MATURE SEEDS,RAW",8.34,409,29.65,16.32,3.98,41.71,25.9,,440.0,13.44,179.0,451.0,977.0,38.0,4.48,2.88,3.721,8.2,0.0,1.03,0.45,3.09,0.795,0.175,45.0,0.0,45.0,45.0,,0.0,0.0,0.0,0.0,0.0,0.0,0.0,0.0,0.0,,0.0,0.0,,2.303,6.012,4.33,0.0,182.0,1 cup,,,0.0,0
7124,7124,23034,"BF,CHK,CLOD,SHLDR TENDER,MEDALLION,LN & FAT,0"" FAT,CHOIC,RAW",72.87,145,20.51,6.36,0.91,0.0,0.0,0.0,5.0,2.01,23.0,200.0,339.0,59.0,3.98,0.131,0.014,30.8,0.0,0.085,0.235,4.58,0.779,0.516,7.0,0.0,7.0,7.0,75.1,3.98,0.0,0.0,0.0,0.0,0.0,0.0,0.0,0.0,0.09,,,0.2,2.328,2.43,0.326,56.0,40.0,1 medallion,,,0.0,0
7126,7126,23036,"BF,CHK,CLOD,SHLDR TENDER,MEDALLION,LN & FAT,0"" FAT,SEL,RAW",72.79,142,20.93,5.79,0.9,0.0,0.0,0.0,5.0,2.39,25.0,219.0,366.0,60.0,4.38,0.13,0.018,31.8,0.0,0.089,0.269,5.57,0.921,0.519,7.0,0.0,7.0,7.0,85.2,5.09,0.0,0.0,0.0,0.0,0.0,0.0,0.0,0.0,0.09,,,0.2,1.988,1.979,0.337,58.0,44.0,1 medallion,,,0.0,0
7129,7129,23039,"BF,CHUCK,SHLDR CLOD, TOP & CNTR,STK,LN & FAT,0"" FAT,SEL,RAW",72.54,140,21.13,5.51,0.88,0.0,0.0,0.0,4.0,2.64,25.0,221.0,370.0,58.0,5.99,0.107,0.02,32.0,0.0,0.093,0.253,5.32,0.861,0.622,7.0,0.0,7.0,7.0,86.9,4.68,0.0,0.0,0.0,0.0,0.0,0.0,0.0,0.0,0.18,,,0.2,1.791,1.933,0.341,58.0,85.0,3 oz,233.0,1 steak,0.0,0
7143,7143,23053,"BF,CHK,CLD,SHLDR TNDR,MEDALLION,LN & FAT,0"" FAT,ALL GRDS,RAW",72.8,144,20.54,6.22,0.92,0.0,0.0,0.0,5.0,1.95,23.0,196.0,327.0,58.0,3.72,0.131,0.016,33.3,0.0,0.087,0.269,4.51,0.799,0.503,7.0,0.0,7.0,7.0,,3.97,0.0,0.0,0.0,0.0,0.0,0.0,0.0,0.0,0.09,,,0.2,2.088,2.136,0.34,57.0,41.0,1 medallion,,,0.0,0
7575,7575,23506,"USDA COMMODITY,BF PATTIES W/VPP,FRZ,RAW",63.35,225,15.21,16.48,1.12,3.84,1.3,,29.0,2.66,36.0,190.0,294.0,55.0,5.44,0.163,0.252,11.7,0.0,0.316,0.22,4.281,1.456,0.44,,,,,,3.59,96.0,17.0,15.0,,28.0,,,,,,,,5.872,7.648,0.573,33.0,85.0,1 serving,,,0.0,0
7576,7576,23507,"USDA COMMODITY,BF,PATTIES (100%),FRZ,RAW",64.72,204,14.63,15.69,0.68,0.0,0.0,,7.0,1.93,18.0,145.0,269.0,74.0,4.12,0.073,0.017,14.8,0.0,0.043,0.16,3.846,0.309,0.214,6.0,0.0,6.0,6.0,,2.05,0.0,0.0,0.0,,,,,,,,,,6.333,6.861,0.643,53.0,85.0,3 oz,,,0.0,0
7577,7577,23508,"USDA COMMODITY,BF,GROUND,BULK/COARSE GROUND,FRZ,RAW",65.81,228,17.37,17.07,0.86,0.0,0.0,,7.0,1.69,17.0,122.0,246.0,57.0,3.59,0.062,0.015,12.1,0.0,0.056,0.232,4.207,0.362,0.241,7.0,0.0,7.0,7.0,,1.91,0.0,0.0,0.0,,,,,,,,,,6.813,7.413,0.71,69.0,85.0,1 serving,,,0.0,0
8307,8307,35027,"CLOUDBERRIES,RAW (ALASKA NATIVE)",87.0,51,2.4,0.8,1.2,8.6,,,18.0,0.7,,35.0,,,,,,,158.0,0.05,0.07,0.9,,,,,,,,,210.0,,,,,,,,,,,,,,,,,,,,0.0,1
8308,8308,35028,"COCKLES,RAW (ALASKA NATIVE)",78.8,79,13.5,0.7,2.3,4.7,,,30.0,16.2,,,,,,,,,,0.01,0.2,3.2,,,,,,,,,,,,,,,,,,,,,,,,,,,,,0.0,0
8312,8312,35038,"FIREWEED,YOUNG LEAVES,RAW (ALASKA NATIVE)",87.2,44,3.0,0.8,2.7,6.3,6.0,,13.0,2.1,,166.0,251.0,50.0,,,,,99.0,0.04,0.86,1.4,,,,,,,,,5720.0,,,,,,,,,,,,,,,,,,,,0.0,1
8317,8317,35043,"HUCKLEBERRIES,RAW (ALASKA NATIVE)",90.7,37,0.4,0.1,0.1,8.7,,,15.0,0.3,,,,10.0,,,,,2.8,0.01,0.03,0.3,,,,,,,,,79.0,,,,,,,,,,,,,,,,,,,,0.0,1
8322,8322,35050,"MASHU ROOTS,RAW (ALASKA NATIVE)",67.8,135,5.8,2.4,1.4,22.6,,,,,,67.0,,,,,,,11.0,0.1,0.07,1.3,,,,,,,,,16.0,,,,,,,,,,,,,,,,,,,,0.0,0
8369,8369,35138,"SQUASH,INDIAN,RAW (NAVAJO)",93.35,26,0.52,0.2,0.29,5.64,,3.54,9.0,0.17,10.0,12.0,205.0,20.0,0.07,0.017,0.027,,4.5,0.02,0.02,0.17,0.11,0.058,22.0,,22.0,,,,,,,,,,,,0.0,,,,,,,,,,,,0.0,11
8419,8419,35192,"AGAVE,RAW (SOUTHWEST)",81.83,68,0.52,0.15,1.27,16.23,6.6,2.58,417.0,1.8,55.0,7.0,127.0,14.0,0.15,0.138,0.094,0.4,4.0,0.029,0.039,0.162,0.041,0.055,7.0,0.0,7.0,7.0,,0.0,37.0,2.0,0.0,0.0,22.0,0.0,0.0,,0.23,0.0,0.0,5.3,,,,0.0,,,,,0.0,11
8427,8427,35200,"PRAIRIE TURNIPS,RAW (NORTHERN PLAINS INDIANS)",60.69,156,2.62,0.36,0.65,35.67,8.0,0.82,130.0,1.27,63.0,31.0,156.0,5.0,0.37,0.053,0.266,14.7,5.5,0.178,0.09,1.071,,0.47,10.0,,10.0,,4.8,,,,,,,,,,,,,0.0,,,,,12.7,"1 bulb, peeled",,,0.0,10
8727,8727,43392,"HEARTS OF PALM,RAW",69.5,115,2.7,0.2,1.99,25.61,1.5,17.16,18.0,1.69,10.0,140.0,1806.0,14.0,3.73,0.644,,0.7,8.0,0.05,0.18,0.9,,0.81,24.0,0.0,24.0,24.0,0.0,0.0,68.0,3.0,0.0,0.0,41.0,0.0,0.0,0.0,0.5,0.0,0.0,0.0,0.046,0.005,0.089,0.0,,,,,,10
