Vegetable,Start_Date,Predicted_Retail_Price,Future_Wholesale_Price,Retail_Wholesale_Ratio,Year,Month
Bitter Gourd,2025-01-19,385.2877,89.22,4.318400461880569,2025,1
Bitter Gourd,2025-01-26,308.20267,89.22,3.454412320514774,2025,1
Bitter Gourd,2025-02-02,274.73593,89.22,3.0793088029195737,2025,2
Bitter Gourd,2025-02-09,246.65993,88.86,2.7758263264479415,2025,2
Bitter Gourd,2025-02-16,230.9582,88.86,2.5991245349623884,2025,2
Bitter Gourd,2025-02-23,225.23674,88.86,2.534737115826071,2025,2
Bitter Gourd,2025-03-02,223.30971,88.86,2.513050952527589,2025,3
Bitter Gourd,2025-03-09,222.41315,89.34,2.4895136218116884,2025,3
Bitter Gourd,2025-03-16,223.6052,89.34,2.5028564371143593,2025,3
Bitter Gourd,2025-03-23,223.78879,89.34,2.504911437674019,2025,3
Bitter Gourd,2025-03-30,223.77655,89.34,2.504774460409321,2025,3
Bitter Gourd,2025-04-06,222.85666,89.34,2.4944779374921295,2025,4
Bitter Gourd,2025-04-13,223.00133,134.3,1.6604715377114552,2025,4
Bitter Gourd,2025-04-20,222.8265,134.3,1.65916982552762,2025,4
Bitter Gourd,2025-04-27,223.1204,134.3,1.6613582062881025,2025,4
Bitter Gourd,2025-05-04,223.09885,134.3,1.6611976651939453,2025,5
Bitter Gourd,2025-05-11,222.06528,89.0,2.495115473029319,2025,5
Bitter Gourd,2025-05-18,222.13293,89.0,2.495875669329354,2025,5
Bitter Gourd,2025-05-25,222.1513,89.0,2.496082091599368,2025,5
Bitter Gourd,2025-06-01,222.1513,89.0,2.496082091599368,2025,6
Bitter Gourd,2025-06-08,221.44017,89.6,2.471430471965245,2025,6
Bitter Gourd,2025-06-15,221.44017,89.6,2.471430471965245,2025,6
Bitter Gourd,2025-06-22,221.44017,89.6,2.471430471965245,2025,6
Bitter Gourd,2025-06-29,221.44017,89.6,2.471430471965245,2025,6
Bitter Gourd,2025-07-06,221.44017,89.6,2.471430471965245,2025,7
Bitter Gourd,2025-07-13,221.45793,89.13,2.4846620836817537,2025,7
Bitter Gourd,2025-07-20,221.45793,89.13,2.4846620836817537,2025,7
Bitter Gourd,2025-07-27,221.45793,89.13,2.4846620836817537,2025,7
Bitter Gourd,2025-08-03,221.45793,89.13,2.4846620836817537,2025,8
Bitter Gourd,2025-08-10,221.45137,89.21,2.482360388288957,2025,8
Bitter Gourd,2025-08-17,221.44669,89.21,2.4823078779398684,2025,8
Bitter Gourd,2025-08-24,221.44669,89.21,2.4823078779398684,2025,8
Bitter Gourd,2025-08-31,221.44669,89.21,2.4823078779398684,2025,8
Bitter Gourd,2025-09-07,221.44669,89.21,2.4823078779398684,2025,9
Bitter Gourd,2025-09-14,222.47633,134.11,1.6589093551425251,2025,9
Bitter Gourd,2025-09-21,222.67924,134.11,1.6604223771166742,2025,9
Bitter Gourd,2025-09-28,222.74603,134.11,1.6609203841238067,2025,9
Bitter Gourd,2025-10-05,222.74603,134.11,1.6609203841238067,2025,10
Bitter Gourd,2025-10-12,221.72438,89.25,2.4843067842371322,2025,10
Bitter Gourd,2025-10-19,221.95883,89.25,2.4869336894914214,2025,10
Bitter Gourd,2025-10-26,222.08295,89.25,2.488324333639706,2025,10
Bitter Gourd,2025-11-02,222.08295,89.25,2.488324333639706,2025,11
Bitter Gourd,2025-11-09,221.53072,89.65,2.47106208524688,2025,11
Bitter Gourd,2025-11-16,221.53072,89.65,2.47106208524688,2025,11
Bitter Gourd,2025-11-23,221.54271,89.65,2.471195865594935,2025,11
Bitter Gourd,2025-11-30,221.62267,89.65,2.472087734581968,2025,11
Bitter Gourd,2025-12-07,221.62267,89.65,2.472087734581968,2025,12
Bitter Gourd,2025-12-14,221.70518,90.02,2.462843645151338,2025,12
Bitter Gourd,2025-12-21,221.91406,90.02,2.4651639913352588,2025,12
Bitter Gourd,2025-12-28,221.98804,90.02,2.46598574882665,2025,12
Bitter Gourd,2026-01-04,221.97568,90.02,2.4658484502358853,2026,1
Bitter Gourd,2026-01-11,221.51985,88.8,2.494592924375792,2026,1
Bitter Gourd,2026-01-18,221.56555,88.8,2.495107564840231,2026,1
Bitter Gourd,2026-01-25,221.50198,88.8,2.494391707686691,2026,1
Bitter Gourd,2026-02-01,221.4774,88.8,2.4941148843851177,2026,2
Bitter Gourd,2026-02-08,221.41225,88.44,2.5035306049762727,2026,2
Bitter Gourd,2026-02-15,221.41225,88.44,2.5035306049762727,2026,2
Bitter Gourd,2026-02-22,221.49557,88.44,2.504472805870329,2026,2
Bitter Gourd,2026-03-01,221.50842,88.44,2.5046180783758762,2026,3
Bitter Gourd,2026-03-08,221.5751,88.92,2.491847770577661,2026,3
Bitter Gourd,2026-03-15,221.50708,88.92,2.4910827719087383,2026,3
Bitter Gourd,2026-03-22,221.50708,88.92,2.4910827719087383,2026,3
Bitter Gourd,2026-03-29,221.50708,88.92,2.4910827719087383,2026,3
Bitter Gourd,2026-04-05,221.56255,88.92,2.491706542694188,2026,4
Bitter Gourd,2026-04-12,222.72495,133.67,1.6662298576221994,2026,4
Bitter Gourd,2026-04-19,222.78749,133.67,1.6666977694675438,2026,4
Bitter Gourd,2026-04-26,222.79494,133.67,1.6667534759765772,2026,4
Bitter Gourd,2026-05-03,222.79494,133.67,1.6667534759765772,2026,5
Bitter Gourd,2026-05-10,221.97226,88.58,2.5058959078966403,2026,5
Bitter Gourd,2026-05-17,222.16461,88.58,2.508067417209373,2026,5
Bitter Gourd,2026-05-24,222.1513,88.58,2.507917206506477,2026,5
Bitter Gourd,2026-05-31,222.1513,88.58,2.507917206506477,2026,5
Bitter Gourd,2026-06-07,221.50458,88.58,2.500616139497841,2026,6
Bitter Gourd,2026-06-14,221.44017,89.18,2.483069861943103,2026,6
Bitter Gourd,2026-06-21,221.44017,89.18,2.483069861943103,2026,6
Bitter Gourd,2026-06-28,221.44017,89.18,2.483069861943103,2026,6
Bitter Gourd,2026-07-05,221.44017,89.18,2.483069861943103,2026,7
Bitter Gourd,2026-07-12,221.45793,88.71,2.4964257864790294,2026,7
Bitter Gourd,2026-07-19,221.45793,88.71,2.4964257864790294,2026,7
Bitter Gourd,2026-07-26,221.45793,88.71,2.4964257864790294,2026,7
Bitter Gourd,2026-08-02,221.45793,88.71,2.4964257864790294,2026,8
Bitter Gourd,2026-08-09,221.45137,88.79,2.4941026043389773,2026,8
Bitter Gourd,2026-08-16,221.44669,88.79,2.494049845602158,2026,8
Bitter Gourd,2026-08-23,221.44669,88.79,2.494049845602158,2026,8
Bitter Gourd,2026-08-30,221.44669,88.79,2.494049845602158,2026,8
Bitter Gourd,2026-09-06,221.44669,88.79,2.494049845602158,2026,9
Bitter Gourd,2026-09-13,222.47633,133.48,1.6667390891381786,2026,9
Bitter Gourd,2026-09-20,222.67924,133.48,1.6682592522858646,2026,9
Bitter Gourd,2026-09-27,222.74603,133.48,1.6687596097905586,2026,9
Bitter Gourd,2026-10-04,222.74603,133.48,1.6687596097905586,2026,10
Bitter Gourd,2026-10-11,221.72438,88.83,2.496052915604684,2026,10
Bitter Gourd,2026-10-18,221.95883,88.83,2.498692241214785,2026,10
Bitter Gourd,2026-10-25,222.08295,88.83,2.500089460512707,2026,10
Bitter Gourd,2026-11-01,222.08295,88.83,2.500089460512707,2026,11
Bitter Gourd,2026-11-08,221.53072,89.23,2.4826932191234206,2026,11
Bitter Gourd,2026-11-15,221.53072,89.23,2.4826932191234206,2026,11
Bitter Gourd,2026-11-22,221.53072,89.23,2.4826932191234206,2026,11
Bitter Gourd,2026-11-29,221.6996,89.23,2.484585904065074,2026,11
Bitter Gourd,2026-12-06,221.62267,89.23,2.4837236961254447,2026,12
Bitter Gourd,2026-12-13,221.70518,89.6,2.474388224737985,2026,12
Bitter Gourd,2026-12-20,221.91406,89.6,2.476719447544643,2026,12
Bitter Gourd,2026-12-27,221.98804,89.6,2.4775450570242747,2026,12
Bitter Gourd,2027-01-03,221.97568,89.6,2.477407114846366,2027,1
Bitter Gourd,2027-01-10,221.47314,88.39,2.5056357566608214,2027,1
Bitter Gourd,2027-01-17,221.53523,88.39,2.5063381892063052,2027,1
Bitter Gourd,2027-01-24,221.50198,88.39,2.5059620278603703,2027,1
Bitter Gourd,2027-01-31,221.4774,88.39,2.5056839205045645,2027,1
Bitter Gourd,2027-02-07,221.41663,88.39,2.5049963341618113,2027,2
Bitter Gourd,2027-02-14,221.48602,88.03,2.516028887302269,2027,2
Bitter Gourd,2027-02-21,221.56935,88.03,2.5169754764999324,2027,2
Bitter Gourd,2027-02-28,221.5822,88.03,2.5171214256126286,2027,2
Bitter Gourd,2027-03-07,221.60223,88.03,2.5173490160935903,2027,3
Bitter Gourd,2027-03-14,221.50708,88.51,2.5026220774841823,2027,3
Bitter Gourd,2027-03-21,221.50708,88.51,2.5026220774841823,2027,3
Bitter Gourd,2027-03-28,221.50708,88.51,2.5026220774841823,2027,3
Bitter Gourd,2027-04-04,221.50708,88.51,2.5026220774841823,2027,4
Bitter Gourd,2027-04-11,222.72495,133.05,1.6739943259553502,2027,4
Bitter Gourd,2027-04-18,222.78435,133.05,1.6744407931918803,2027,4
Bitter Gourd,2027-04-25,222.79494,133.05,1.674520384320098,2027,4
Bitter Gourd,2027-05-02,222.79494,133.05,1.674520384320098,2027,5
Bitter Gourd,2027-05-09,221.97226,88.17,2.51754859386962,2027,5
Bitter Gourd,2027-05-16,222.23839,88.17,2.520566950907604,2027,5
Bitter Gourd,2027-05-23,222.22508,88.17,2.520416041708755,2027,5
Bitter Gourd,2027-05-30,222.22508,88.17,2.520416041708755,2027,5
Bitter Gourd,2027-06-06,221.57835,88.17,2.513081023951865,2027,6
Bitter Gourd,2027-06-13,221.44017,88.77,2.494538360798535,2027,6
Bitter Gourd,2027-06-20,221.44017,88.77,2.494538360798535,2027,6
Bitter Gourd,2027-06-27,221.44017,88.77,2.494538360798535,2027,6
Bitter Gourd,2027-07-04,221.44017,88.77,2.494538360798535,2027,7
Bitter Gourd,2027-07-11,221.45793,88.3,2.5080173444909932,2027,7
Bitter Gourd,2027-07-18,221.45793,88.3,2.5080173444909932,2027,7
Bitter Gourd,2027-07-25,221.45793,88.3,2.5080173444909932,2027,7
Bitter Gourd,2027-08-01,221.45793,88.3,2.5080173444909932,2027,8
Bitter Gourd,2027-08-08,221.50458,88.3,2.508545613099873,2027,8
Bitter Gourd,2027-08-15,221.44669,88.38,2.5056198890135284,2027,8
Bitter Gourd,2027-08-22,221.44669,88.38,2.5056198890135284,2027,8
Bitter Gourd,2027-08-29,221.44669,88.38,2.5056198890135284,2027,8
Bitter Gourd,2027-09-05,221.44669,88.38,2.5056198890135284,2027,9
Bitter Gourd,2027-09-12,222.47633,132.86,1.6745170376197804,2027,9
Bitter Gourd,2027-09-19,222.67924,132.86,1.6760442947095977,2027,9
Bitter Gourd,2027-09-26,222.74603,132.86,1.6765469871657663,2027,9
Bitter Gourd,2027-10-03,222.74603,132.86,1.6765469871657663,2027,10
Bitter Gourd,2027-10-10,221.88098,88.42,2.5093981163233714,2027,10
Bitter Gourd,2027-10-17,221.99051,88.42,2.510636835933082,2027,10
Bitter Gourd,2027-10-24,222.08295,88.42,2.511682275247045,2027,10
Bitter Gourd,2027-10-31,222.08295,88.42,2.511682275247045,2027,10
Bitter Gourd,2027-11-07,221.56378,88.42,2.505810695976942,2027,11
Bitter Gourd,2027-11-14,221.53072,88.81,2.4944343648506115,2027,11
Bitter Gourd,2027-11-21,221.53072,88.81,2.4944343648506115,2027,11
Bitter Gourd,2027-11-28,221.6996,88.81,2.4963360006725206,2027,11
Bitter Gourd,2027-12-05,221.62267,88.81,2.49546971518155,2027,12
Bitter Gourd,2027-12-12,221.70518,89.18,2.486041544477724,2027,12
Bitter Gourd,2027-12-19,221.91406,89.18,2.488383746355685,2027,12
Bitter Gourd,2027-12-26,221.98804,89.18,2.4892132441060215,2027,12
Bitter Gourd,2028-01-02,221.97568,89.18,2.489074652278923,2028,1
Bitter Gourd,2028-01-09,221.6054,87.98,2.518815554172024,2028,1
Bitter Gourd,2028-01-16,221.60901,87.98,2.518856658207121,2028,1
Bitter Gourd,2028-01-23,221.57576,87.98,2.5184787438928766,2028,1
Bitter Gourd,2028-01-30,221.55118,87.98,2.5181993405150673,2028,1
Bitter Gourd,2028-02-06,221.4904,87.98,2.5175085499167955,2028,2
Bitter Gourd,2028-02-13,221.48602,87.62,2.52780213363637,2028,2
Bitter Gourd,2028-02-20,221.56935,87.62,2.5287531522059923,2028,2
Bitter Gourd,2028-02-27,221.56935,87.62,2.5287531522059923,2028,2
Bitter Gourd,2028-03-05,221.60223,87.62,2.529128439702337,2028,3
Bitter Gourd,2028-03-12,221.58086,88.09,2.5153917166902278,2028,3
Bitter Gourd,2028-03-19,221.58086,88.09,2.5153917166902278,2028,3
Bitter Gourd,2028-03-26,221.58086,88.09,2.5153917166902278,2028,3
Bitter Gourd,2028-04-02,221.58086,88.09,2.5153917166902278,2028,4
Bitter Gourd,2028-04-09,222.72495,132.43,1.6818314964008108,2028,4
Bitter Gourd,2028-04-16,222.78435,132.43,1.6822800538713258,2028,4
Bitter Gourd,2028-04-23,222.79494,132.43,1.6823600176228124,2028,4
Bitter Gourd,2028-04-30,222.79494,132.43,1.6823600176228124,2028,4
Bitter Gourd,2028-05-07,222.7847,132.43,1.6822827039668362,2028,5
Bitter Gourd,2028-05-14,221.97226,87.76,2.5293101586313167,2028,5
Bitter Gourd,2028-05-21,222.23839,87.76,2.532342616927113,2028,5
Bitter Gourd,2028-05-28,222.22508,87.76,2.532191002705799,2028,5
Bitter Gourd,2028-06-04,222.22508,87.76,2.532191002705799,2028,6
Bitter Gourd,2028-06-11,221.51395,88.35,2.5072319924527804,2028,6
Bitter Gourd,2028-06-18,221.44017,88.35,2.5063969472335703,2028,6
Bitter Gourd,2028-06-25,221.44017,88.35,2.5063969472335703,2028,6
Bitter Gourd,2028-07-02,221.44017,88.35,2.5063969472335703,2028,7
Bitter Gourd,2028-07-09,221.53171,87.89,2.5205564656237556,2028,7
Bitter Gourd,2028-07-16,221.53171,87.89,2.5205564656237556,2028,7
Bitter Gourd,2028-07-23,221.53171,87.89,2.5205564656237556,2028,7
Bitter Gourd,2028-07-30,221.53171,87.89,2.5205564656237556,2028,7
Bitter Gourd,2028-08-06,221.57835,87.89,2.521087198564523,2028,8
Bitter Gourd,2028-08-13,221.52515,87.97,2.518189683805559,2028,8
Bitter Gourd,2028-08-20,221.52046,87.97,2.518136433285584,2028,8
Bitter Gourd,2028-08-27,221.52046,87.97,2.518136433285584,2028,8
Bitter Gourd,2028-09-03,221.52046,87.97,2.518136433285584,2028,9
Bitter Gourd,2028-09-10,222.47633,132.24,1.682367919072626,2028,9
Bitter Gourd,2028-09-17,222.67924,132.24,1.6839023366236932,2028,9
Bitter Gourd,2028-09-24,222.74603,132.24,1.6844073859259205,2028,9
Bitter Gourd,2028-10-01,222.74603,132.24,1.6844073859259205,2028,10
Bitter Gourd,2028-10-08,221.86969,88.0,2.521246476606889,2028,10
Bitter Gourd,2028-10-15,222.03261,88.0,2.5230978185480293,2028,10
Bitter Gourd,2028-10-22,222.15672,88.0,2.5245082161643286,2028,10
Bitter Gourd,2028-10-29,222.15672,88.0,2.5245082161643286,2028,10
Bitter Gourd,2028-11-05,221.62724,88.0,2.5184913982044566,2028,11
Bitter Gourd,2028-11-12,221.53072,88.4,2.5060035740088553,2028,11
Bitter Gourd,2028-11-19,221.53072,88.4,2.5060035740088553,2028,11
Bitter Gourd,2028-11-26,221.60565,88.4,2.506851265333357,2028,11
Bitter Gourd,2028-12-03,221.62267,88.4,2.507043726303998,2028,12
Bitter Gourd,2028-12-10,221.70518,88.77,2.4975237685763596,2028,12
Bitter Gourd,2028-12-17,221.90761,88.77,2.499804078317298,2028,12
Bitter Gourd,2028-12-24,221.94176,88.77,2.50018877100539,2028,12
Bitter Gourd,2028-12-31,222.01624,88.77,2.5010277723505974,2028,12
Bitter Gourd,2029-01-07,221.96042,88.77,2.500398994042716,2029,1
Bitter Gourd,2029-01-14,221.63919,87.56,2.531283584671404,2029,1
Bitter Gourd,2029-01-21,221.57576,87.56,2.5305591581509286,2029,1
Bitter Gourd,2029-01-28,221.55118,87.56,2.5302784145559114,2029,1
Bitter Gourd,2029-02-04,221.53485,87.56,2.5300919492258878,2029,2
Bitter Gourd,2029-02-11,221.48602,87.21,2.5396860789957434,2029,2
Bitter Gourd,2029-02-18,221.56935,87.21,2.5406415685848995,2029,2
Bitter Gourd,2029-02-25,221.56935,87.21,2.5406415685848995,2029,2
Bitter Gourd,2029-03-04,221.5822,87.21,2.540788889997474,2029,3
Bitter Gourd,2029-03-11,221.64888,87.68,2.527929744581236,2029,3
Bitter Gourd,2029-03-18,221.58086,87.68,2.5271539270442767,2029,3
Bitter Gourd,2029-03-25,221.58086,87.68,2.5271539270442767,2029,3
Bitter Gourd,2029-04-01,221.58086,87.68,2.5271539270442767,2029,4
Bitter Gourd,2029-04-08,222.72495,131.81,1.6897423948741321,2029,4
Bitter Gourd,2029-04-15,222.78435,131.81,1.690193062242468,2029,4
Bitter Gourd,2029-04-22,222.79494,131.81,1.6902734021226695,2029,4
Bitter Gourd,2029-04-29,222.79494,131.81,1.6902734021226695,2029,4
Bitter Gourd,2029-05-06,222.7847,131.81,1.690195724803339,2029,5
Bitter Gourd,2029-05-13,221.97226,87.35,2.541182135334681,2029,5
Bitter Gourd,2029-05-20,222.23839,87.35,2.5442288272641496,2029,5
Bitter Gourd,2029-05-27,222.22508,87.35,2.5440765014019573,2029,5
Bitter Gourd,2029-06-03,222.22508,87.35,2.5440765014019573,2029,6
Bitter Gourd,2029-06-10,221.51395,87.94,2.518921384275678,2029,6
Bitter Gourd,2029-06-17,221.51395,87.94,2.518921384275678,2029,6
Bitter Gourd,2029-06-24,221.51395,87.94,2.518921384275678,2029,6
Bitter Gourd,2029-07-01,221.51395,87.94,2.518921384275678,2029,7
Bitter Gourd,2029-07-08,221.53171,87.48,2.532369773247278,2029,7
Bitter Gourd,2029-07-15,221.53171,87.48,2.532369773247278,2029,7
Bitter Gourd,2029-07-22,221.53171,87.48,2.532369773247278,2029,7
Bitter Gourd,2029-07-29,221.53171,87.48,2.532369773247278,2029,7
Bitter Gourd,2029-08-05,221.57835,87.48,2.5329029936195235,2029,8
Bitter Gourd,2029-08-12,221.52515,87.56,2.529981115627855,2029,8
Bitter Gourd,2029-08-19,221.52046,87.56,2.529927615762138,2029,8
Bitter Gourd,2029-08-26,221.52046,87.56,2.529927615762138,2029,8
Bitter Gourd,2029-09-02,221.52046,87.56,2.529927615762138,2029,9
Bitter Gourd,2029-09-09,222.47633,131.63,1.690164351729576,2029,9
Bitter Gourd,2029-09-16,222.67924,131.63,1.691705880081419,2029,9
Bitter Gourd,2029-09-23,222.74603,131.63,1.6922132698840975,2029,9
Bitter Gourd,2029-09-30,222.74603,131.63,1.6922132698840975,2029,9
Bitter Gourd,2029-10-07,222.7667,131.63,1.6923702280273067,2029,10
Bitter Gourd,2029-10-14,221.79816,87.59,2.5322314960415713,2029,10
Bitter Gourd,2029-10-21,222.08287,87.59,2.535482024014139,2029,10
Bitter Gourd,2029-10-28,222.15672,87.59,2.5363251857798943,2029,10
Bitter Gourd,2029-11-04,222.15672,87.59,2.5363251857798943,2029,11
Bitter Gourd,2029-11-11,221.60449,87.99,2.5185190611148998,2029,11
Bitter Gourd,2029-11-18,221.60449,87.99,2.5185190611148998,2029,11
Bitter Gourd,2029-11-25,221.61649,87.99,2.518655365333596,2029,11
Bitter Gourd,2029-12-02,221.69644,87.99,2.5195640601249076,2029,12
Bitter Gourd,2029-12-09,221.70518,88.35,2.509396547102699,2029,12
Bitter Gourd,2029-12-16,221.79109,88.35,2.510368895517208,2029,12
Bitter Gourd,2029-12-23,221.94176,88.35,2.512074218473667,2029,12
Bitter Gourd,2029-12-30,222.01624,88.35,2.5129172082802773,2029,12
Bitter Gourd,2030-01-06,221.96042,88.35,2.5122854408734794,2030,1
Bitter Gourd,2030-01-13,221.63919,87.16,2.5429003060329065,2030,1
Bitter Gourd,2030-01-20,221.63933,87.16,2.5429018816306757,2030,1
Bitter Gourd,2030-01-27,221.55118,87.16,2.5418905229292754,2030,1
Bitter Gourd,2030-02-03,221.53485,87.16,2.5417032018611607,2030,2
Bitter Gourd,2030-02-10,221.48602,86.8,2.551682292041691,2030,2
Bitter Gourd,2030-02-17,221.56935,86.8,2.552642294888123,2030,2
Bitter Gourd,2030-02-24,221.56935,86.8,2.552642294888123,2030,2
Bitter Gourd,2030-03-03,221.5822,86.8,2.552790312173729,2030,3
Bitter Gourd,2030-03-10,221.64888,87.27,2.5398061189971677,2030,3
Bitter Gourd,2030-03-17,221.58086,87.27,2.5390266566201696,2030,3
Bitter Gourd,2030-03-24,221.58086,87.27,2.5390266566201696,2030,3
Bitter Gourd,2030-03-31,221.58086,87.27,2.5390266566201696,2030,3
Bitter Gourd,2030-04-07,221.63632,87.27,2.5396622209405795,2030,4
Bitter Gourd,2030-04-14,222.72495,131.19,1.697728066684651,2030,4
Bitter Gourd,2030-04-21,222.78749,131.19,1.698204823879309,2030,4
Bitter Gourd,2030-04-28,222.79494,131.19,1.6982615834574972,2030,4
Bitter Gourd,2030-05-05,222.79494,131.19,1.6982615834574972,2030,5
Bitter Gourd,2030-05-12,221.97226,86.94,2.5531660860534204,2030,5
Bitter Gourd,2030-05-19,222.23839,86.94,2.556227145865234,2030,5
Bitter Gourd,2030-05-26,222.22508,86.94,2.5560741016501143,2030,5
Bitter Gourd,2030-06-02,222.22508,86.94,2.5560741016501143,2030,6
Bitter Gourd,2030-06-09,221.51395,87.53,2.5307202848532286,2030,6
Bitter Gourd,2030-06-16,221.51395,87.53,2.5307202848532286,2030,6
Bitter Gourd,2030-06-23,221.51395,87.53,2.5307202848532286,2030,6
Bitter Gourd,2030-06-30,221.51395,87.53,2.5307202848532286,2030,6
Bitter Gourd,2030-07-07,221.51395,87.53,2.5307202848532286,2030,7
Bitter Gourd,2030-07-14,221.53171,87.07,2.5442943351748237,2030,7
Bitter Gourd,2030-07-21,221.53171,87.07,2.5442943351748237,2030,7
Bitter Gourd,2030-07-28,221.53171,87.07,2.5442943351748237,2030,7
Bitter Gourd,2030-08-04,221.53171,87.07,2.5442943351748237,2030,8
Bitter Gourd,2030-08-11,221.52515,87.15,2.541883493796615,2030,8
Bitter Gourd,2030-08-18,221.52046,87.15,2.5418297422390452,2030,8
Bitter Gourd,2030-08-25,221.52046,87.15,2.5418297422390452,2030,8
Bitter Gourd,2030-09-01,221.52046,87.15,2.5418297422390452,2030,9
Bitter Gourd,2030-09-08,222.47633,131.01,1.6981629922766512,2030,9
Bitter Gourd,2030-09-15,222.67924,131.01,1.6997118158546463,2030,9
Bitter Gourd,2030-09-22,222.74603,131.01,1.700221606860879,2030,9
Bitter Gourd,2030-09-29,222.74603,131.01,1.700221606860879,2030,9
Bitter Gourd,2030-10-06,222.7667,131.01,1.7003793078027203,2030,10
Bitter Gourd,2030-10-13,221.79816,87.18,2.5441403617605096,2030,10
Bitter Gourd,2030-10-20,222.0444,87.18,2.5469649354917627,2030,10
Bitter Gourd,2030-10-27,222.15672,87.18,2.5482533037676176,2030,10
Bitter Gourd,2030-11-03,222.15672,87.18,2.5482533037676176,2030,11
Bitter Gourd,2030-11-10,221.60449,87.58,2.5303093421728704,2030,11
Bitter Gourd,2030-11-17,221.60449,87.58,2.5303093421728704,2030,11
Bitter Gourd,2030-11-24,221.61649,87.58,2.530446284490787,2030,11
Bitter Gourd,2030-12-01,221.69644,87.58,2.531359233276897,2030,12
Bitter Gourd,2030-12-08,221.77896,87.94,2.5219349690884765,2030,12
Bitter Gourd,2030-12-15,221.77896,87.94,2.5219349690884765,2030,12
Bitter Gourd,2030-12-22,222.01553,87.94,2.524625124485622,2030,12
Bitter Gourd,2030-12-29,222.09001,87.94,2.5254720445380907,2030,12
Bitter Gourd,2031-01-05,222.0342,87.94,2.5248373316612356,2031,1
Bitter Gourd,2031-01-12,221.63919,86.75,2.5549186244821684,2031,1
Bitter Gourd,2031-01-19,221.63933,86.75,2.554920207526567,2031,1
Bitter Gourd,2031-01-26,221.55118,86.75,2.553904068916607,2031,1
Bitter Gourd,2031-02-02,221.53485,86.75,2.5537158625270173,2031,2
Bitter Gourd,2031-02-09,221.48602,86.4,2.563495635986328,2031,2
Bitter Gourd,2031-02-16,221.56935,86.4,2.5644600832903826,2031,2
Bitter Gourd,2031-02-23,221.56935,86.4,2.5644600832903826,2031,2
Bitter Gourd,2031-03-02,221.5822,86.4,2.5646087858412,2031,3
Bitter Gourd,2031-03-09,221.64888,86.87,2.5515008634152503,2031,3
Bitter Gourd,2031-03-16,221.58086,86.87,2.5507178119401654,2031,3
Bitter Gourd,2031-03-23,221.58086,86.87,2.5507178119401654,2031,3
Bitter Gourd,2031-03-30,221.58086,86.87,2.5507178119401654,2031,3
Bitter Gourd,2031-04-06,221.63632,86.87,2.551356302768325,2031,4
Bitter Gourd,2031-04-13,222.72495,130.58,1.7056589452317303,2031,4
Bitter Gourd,2031-04-20,222.8044,130.58,1.7062674037602068,2031,4
Bitter Gourd,2031-04-27,222.81184,130.58,1.7063244284888213,2031,4
Bitter Gourd,2031-05-04,222.81184,130.58,1.7063244284888213,2031,5
Bitter Gourd,2031-05-11,221.97707,86.54,2.565022718281015,2031,5
Bitter Gourd,2031-05-18,222.23839,86.54,2.568042385735191,2031,5
Bitter Gourd,2031-05-25,222.22508,86.54,2.567888634128275,2031,5
Bitter Gourd,2031-06-01,222.22508,86.54,2.567888634128275,2031,6
Bitter Gourd,2031-06-08,221.57835,86.54,2.5604154596930426,2031,6
Bitter Gourd,2031-06-15,221.51395,87.12,2.542630240280109,2031,6
Bitter Gourd,2031-06-22,221.51395,87.12,2.542630240280109,2031,6
Bitter Gourd,2031-06-29,221.51395,87.12,2.542630240280109,2031,6
Bitter Gourd,2031-07-06,221.51395,87.12,2.542630240280109,2031,7
Bitter Gourd,2031-07-13,221.53171,86.66,2.556331730483174,2031,7
Bitter Gourd,2031-07-20,221.53171,86.66,2.556331730483174,2031,7
Bitter Gourd,2031-07-27,221.53171,86.66,2.556331730483174,2031,7
Bitter Gourd,2031-08-03,221.53171,86.66,2.556331730483174,2031,8
Bitter Gourd,2031-08-10,221.52515,86.74,2.55389839156531,2031,8
Bitter Gourd,2031-08-17,221.52046,86.74,2.553844385936509,2031,8
Bitter Gourd,2031-08-24,221.52046,86.74,2.553844385936509,2031,8
Bitter Gourd,2031-08-31,221.52046,86.74,2.553844385936509,2031,8
Bitter Gourd,2031-09-07,221.52046,86.74,2.553844385936509,2031,9
Bitter Gourd,2031-09-14,222.47633,130.4,1.7061068529000312,2031,9
Bitter Gourd,2031-09-21,222.69615,130.4,1.707792574642626,2031,9
Bitter Gourd,2031-09-28,222.76294,130.4,1.7083047504074003,2031,9
Bitter Gourd,2031-10-05,222.76294,130.4,1.7083047504074003,2031,10
Bitter Gourd,2031-10-12,221.79816,86.78,2.5558672129324873,2031,10
Bitter Gourd,2031-10-19,222.03261,86.78,2.558568887211645,2031,10
Bitter Gourd,2031-10-26,222.15672,86.78,2.5599991129576045,2031,10
Bitter Gourd,2031-11-02,222.15672,86.78,2.5599991129576045,2031,11
Bitter Gourd,2031-11-09,221.60449,87.17,2.542210533297006,2031,11
Bitter Gourd,2031-11-16,221.60449,87.17,2.542210533297006,2031,11
Bitter Gourd,2031-11-23,221.61649,87.17,2.5423481197166815,2031,11
Bitter Gourd,2031-11-30,221.69644,87.17,2.543265362514519,2031,11
Bitter Gourd,2031-12-07,221.69644,87.17,2.543265362514519,2031,12
Bitter Gourd,2031-12-14,221.77896,87.53,2.533747985623679,2031,12
Bitter Gourd,2031-12-21,221.98784,87.53,2.536134339599191,2031,12
Bitter Gourd,2031-12-28,222.06181,87.53,2.5369794739459866,2031,12
Bitter Gourd,2032-01-04,222.04945,87.53,2.536838269568737,2032,1
Bitter Gourd,2032-01-11,221.55173,86.35,2.5657409067159453,2032,1
Bitter Gourd,2032-01-18,221.60901,86.35,2.566404270863492,2032,1
Bitter Gourd,2032-01-25,221.57576,86.35,2.5660192227874385,2032,1
Bitter Gourd,2032-02-01,221.55118,86.35,2.56573454520574,2032,2
Bitter Gourd,2032-02-08,221.4904,86.35,2.5650307147849416,2032,2
Bitter Gourd,2032-02-15,221.49083,85.99,2.575774269889213,2032,2
Bitter Gourd,2032-02-22,221.57416,85.99,2.5767433156744244,2032,2
Bitter Gourd,2032-02-29,221.587,85.99,2.5768927272384508,2032,2
Bitter Gourd,2032-03-07,221.60704,85.99,2.577125717005157,2032,3
Bitter Gourd,2032-03-14,221.58086,86.46,2.562813512875806,2032,3
Bitter Gourd,2032-03-21,221.58086,86.46,2.562813512875806,2032,3
Bitter Gourd,2032-03-28,221.58086,86.46,2.562813512875806,2032,3
Bitter Gourd,2032-04-04,221.58086,86.46,2.562813512875806,2032,4
Bitter Gourd,2032-04-11,222.74185,129.97,1.7137943510551714,2032,4
Bitter Gourd,2032-04-18,222.80125,129.97,1.714251398572447,2032,4
Bitter Gourd,2032-04-25,222.81184,129.97,1.7143328758334255,2032,4
Bitter Gourd,2032-05-02,222.81184,129.97,1.7143328758334255,2032,5
Bitter Gourd,2032-05-09,221.97707,86.13,2.5772328577735872,2032,5
Bitter Gourd,2032-05-16,222.2432,86.13,2.58032270498175,2032,5
Bitter Gourd,2032-05-23,222.22989,86.13,2.580168221479341,2032,5
Bitter Gourd,2032-05-30,222.22989,86.13,2.580168221479341,2032,5
Bitter Gourd,2032-06-06,221.58316,86.13,2.5726594728943533,2032,6
Bitter Gourd,2032-06-13,221.51395,86.71,2.5546528258932435,2032,6
Bitter Gourd,2032-06-20,221.51395,86.71,2.5546528258932435,2032,6
Bitter Gourd,2032-06-27,221.51395,86.71,2.5546528258932435,2032,6
Bitter Gourd,2032-07-04,221.51395,86.71,2.5546528258932435,2032,7
Bitter Gourd,2032-07-11,221.53171,86.26,2.5681858076011115,2032,7
Bitter Gourd,2032-07-18,221.53171,86.26,2.5681858076011115,2032,7
Bitter Gourd,2032-07-25,221.53171,86.26,2.5681858076011115,2032,7
Bitter Gourd,2032-08-01,221.53171,86.26,2.5681858076011115,2032,8
Bitter Gourd,2032-08-08,221.52515,86.34,2.565730211771774,2032,8
Bitter Gourd,2032-08-15,221.52046,86.34,2.5656759559431643,2032,8
Bitter Gourd,2032-08-22,221.52046,86.34,2.5656759559431643,2032,8
Bitter Gourd,2032-08-29,221.52046,86.34,2.5656759559431643,2032,8
Bitter Gourd,2032-09-05,221.52046,86.34,2.5656759559431643,2032,9
Bitter Gourd,2032-09-12,222.49324,129.79,1.7142556464785061,2032,9
Bitter Gourd,2032-09-19,222.69615,129.79,1.7158190286878685,2032,9
Bitter Gourd,2032-09-26,222.76294,129.79,1.7163336116274368,2032,9
Bitter Gourd,2032-10-03,222.76294,129.79,1.7163336116274368,2032,10
Bitter Gourd,2032-10-10,221.88579,86.37,2.569014564824212,2032,10
Bitter Gourd,2032-10-17,222.03261,86.37,2.5707144614128348,2032,10
Bitter Gourd,2032-10-24,222.16153,86.37,2.572207126791891,2032,10
Bitter Gourd,2032-10-31,222.16153,86.37,2.572207126791891,2032,10
Bitter Gourd,2032-11-07,221.64236,86.37,2.5661961850405595,2032,11
Bitter Gourd,2032-11-14,221.60449,86.76,2.554224206863762,2032,11
Bitter Gourd,2032-11-21,221.60449,86.76,2.554224206863762,2032,11
Bitter Gourd,2032-11-28,221.77338,86.76,2.5561707752978764,2032,11
Bitter Gourd,2032-12-05,221.69644,86.76,2.5552840208666505,2032,12
Bitter Gourd,2032-12-12,221.77896,87.12,2.5456721898719077,2032,12
Bitter Gourd,2032-12-19,221.98784,87.12,2.5480697743929888,2032,12
Bitter Gourd,2032-12-26,222.06181,87.12,2.548918886070847,2032,12
Bitter Gourd,2033-01-02,222.04945,87.12,2.548777017164274,2033,1
Bitter Gourd,2033-01-09,221.6102,85.94,2.5786618451781402,2033,1
Bitter Gourd,2033-01-16,221.61382,85.94,2.5787039249199113,2033,1
Bitter Gourd,2033-01-23,221.58057,85.94,2.5783170398679314,2033,1
Bitter Gourd,2033-01-30,221.55598,85.94,2.5780310041548793,2033,1
Bitter Gourd,2033-02-06,221.49521,85.94,2.57732381592081,2033,2
Bitter Gourd,2033-02-13,221.49083,85.59,2.587812004530593,2033,2
Bitter Gourd,2033-02-20,221.57416,85.59,2.5887855790962,2033,2
Bitter Gourd,2033-02-27,221.587,85.59,2.588935688926678,2033,2
Bitter Gourd,2033-03-06,221.60704,85.59,2.5891697675578156,2033,3
Bitter Gourd,2033-03-13,221.58566,86.06,2.5747811159864846,2033,3
Bitter Gourd,2033-03-20,221.58566,86.06,2.5747811159864846,2033,3
Bitter Gourd,2033-03-27,221.58566,86.06,2.5747811159864846,2033,3
Bitter Gourd,2033-04-03,221.58566,86.06,2.5747811159864846,2033,4
Bitter Gourd,2033-04-10,222.74185,129.37,1.7217426900103627,2033,4
Bitter Gourd,2033-04-17,222.80125,129.37,1.7222018572502198,2033,4
Bitter Gourd,2033-04-24,222.81184,129.37,1.7222837123913606,2033,4
Bitter Gourd,2033-05-01,222.81184,129.37,1.7222837123913606,2033,5
Bitter Gourd,2033-05-08,221.97707,85.73,2.5892577398814773,2033,5
Bitter Gourd,2033-05-15,222.2432,85.73,2.59236200373356,2033,5
Bitter Gourd,2033-05-22,222.22989,85.73,2.5922067994402846,2033,5
Bitter Gourd,2033-05-29,222.22989,85.73,2.5922067994402846,2033,5
Bitter Gourd,2033-06-05,221.58316,85.73,2.584663016451541,2033,6
Bitter Gourd,2033-06-12,221.51395,86.31,2.566492255048119,2033,6
Bitter Gourd,2033-06-19,221.51395,86.31,2.566492255048119,2033,6
Bitter Gourd,2033-06-26,221.51395,86.31,2.566492255048119,2033,6
Bitter Gourd,2033-07-03,221.51395,86.31,2.566492255048119,2033,7
Bitter Gourd,2033-07-10,221.53651,85.86,2.580206315888965,2033,7
Bitter Gourd,2033-07-17,221.53651,85.86,2.580206315888965,2033,7
Bitter Gourd,2033-07-24,221.53651,85.86,2.580206315888965,2033,7
Bitter Gourd,2033-07-31,221.53651,85.86,2.580206315888965,2033,7
Bitter Gourd,2033-08-07,221.58316,85.86,2.5807495970229515,2033,8
Bitter Gourd,2033-08-14,221.52995,85.94,2.577728101034788,2033,8
Bitter Gourd,2033-08-21,221.52527,85.94,2.577673592677304,2033,8
Bitter Gourd,2033-08-28,221.52527,85.94,2.577673592677304,2033,8
Bitter Gourd,2033-09-04,221.52527,85.94,2.577673592677304,2033,9
Bitter Gourd,2033-09-11,222.49324,129.19,1.7222172022327218,2033,9
Bitter Gourd,2033-09-18,222.69615,129.19,1.7237878452929674,2033,9
Bitter Gourd,2033-09-25,222.76294,129.19,1.7243048181215652,2033,9
Bitter Gourd,2033-10-02,222.76294,129.19,1.7243048181215652,2033,10
Bitter Gourd,2033-10-09,221.8745,85.97,2.5808362970799226,2033,10
Bitter Gourd,2033-10-16,222.03741,85.97,2.5827313545513695,2033,10
Bitter Gourd,2033-10-23,222.16153,85.97,2.5841750557289243,2033,10
Bitter Gourd,2033-10-30,222.16153,85.97,2.5841750557289243,2033,10
Bitter Gourd,2033-11-06,221.64236,85.97,2.578136146352834,2033,11
Bitter Gourd,2033-11-13,221.60449,86.36,2.566054796057202,2033,11
Bitter Gourd,2033-11-20,221.60449,86.36,2.566054796057202,2033,11
Bitter Gourd,2033-11-27,221.67943,86.36,2.56692251158622,2033,11
Bitter Gourd,2033-12-04,221.69644,86.36,2.5671195188790024,2033,12
Bitter Gourd,2033-12-11,221.77896,86.72,2.5574142202679964,2033,12
Bitter Gourd,2033-12-18,221.98784,86.72,2.5598228637582703,2033,12
Bitter Gourd,2033-12-25,222.01553,86.72,2.5601422214859966,2033,12
Bitter Gourd,2034-01-01,222.09001,86.72,2.561001056234775,2034,1
Bitter Gourd,2034-01-08,221.6102,85.54,2.590720118945632,2034,1
Bitter Gourd,2034-01-15,221.61382,85.54,2.590762395459635,2034,1
Bitter Gourd,2034-01-22,221.58057,85.54,2.5903737012654897,2034,1
Bitter Gourd,2034-01-29,221.55598,85.54,2.590086327999419,2034,1
Bitter Gourd,2034-02-05,221.49521,85.54,2.5893758328294876,2034,2
Bitter Gourd,2034-02-12,221.49083,85.19,2.599962782812225,2034,2
Bitter Gourd,2034-02-19,221.57416,85.19,2.6009409286869793,2034,2
Bitter Gourd,2034-02-26,221.57416,85.19,2.6009409286869793,2034,2
Bitter Gourd,2034-03-05,221.60704,85.19,2.6013269210620193,2034,3
Bitter Gourd,2034-03-12,221.58566,85.66,2.5868043759257167,2034,3
Bitter Gourd,2034-03-19,221.58566,85.66,2.5868043759257167,2034,3
Bitter Gourd,2034-03-26,221.58566,85.66,2.5868043759257167,2034,3
Bitter Gourd,2034-04-02,221.58566,85.66,2.5868043759257167,2034,4
Bitter Gourd,2034-04-09,222.74185,128.76,1.7298994393184268,2034,4
Bitter Gourd,2034-04-16,222.80125,128.76,1.7303607818612998,2034,4
Bitter Gourd,2034-04-23,222.81184,128.76,1.7304430247908538,2034,4
Bitter Gourd,2034-04-30,222.81184,128.76,1.7304430247908538,2034,4
Bitter Gourd,2034-05-07,222.8016,128.76,1.73036350749153,2034,5
Bitter Gourd,2034-05-14,221.97707,85.33,2.6013953596629444,2034,5
Bitter Gourd,2034-05-21,222.2432,85.33,2.604514175320264,2034,5
Bitter Gourd,2034-05-28,222.22989,85.33,2.604358243478444,2034,5
Bitter Gourd,2034-06-04,222.22989,85.33,2.604358243478444,2034,6
Bitter Gourd,2034-06-11,221.51875,85.91,2.578497882106365,2034,6
Bitter Gourd,2034-06-18,221.51875,85.91,2.578497882106365,2034,6
Bitter Gourd,2034-06-25,221.51875,85.91,2.578497882106365,2034,6
Bitter Gourd,2034-07-02,221.51875,85.91,2.578497882106365,2034,7
Bitter Gourd,2034-07-09,221.53651,85.46,2.592283106508619,2034,7
Bitter Gourd,2034-07-16,221.53651,85.46,2.592283106508619,2034,7
Bitter Gourd,2034-07-23,221.53651,85.46,2.592283106508619,2034,7
Bitter Gourd,2034-07-30,221.53651,85.46,2.592283106508619,2034,7
Bitter Gourd,2034-08-06,221.58316,85.46,2.5928289304983694,2034,8
Bitter Gourd,2034-08-13,221.52995,85.53,2.5900848006889943,2034,8
Bitter Gourd,2034-08-20,221.52527,85.53,2.590030031038086,2034,8
Bitter Gourd,2034-08-27,221.52527,85.53,2.590030031038086,2034,8
Bitter Gourd,2034-09-03,221.52527,85.53,2.590030031038086,2034,9
Bitter Gourd,2034-09-10,222.49324,128.58,1.7303876213753717,2034,9
Bitter Gourd,2034-09-17,222.69615,128.58,1.7319657157676032,2034,9
Bitter Gourd,2034-09-24,222.76294,128.58,1.73248514118156,2034,9
Bitter Gourd,2034-10-01,222.76294,128.58,1.73248514118156,2034,10
Bitter Gourd,2034-10-08,221.8745,85.57,2.5929005078878222,2034,10
Bitter Gourd,2034-10-15,222.03741,85.57,2.5948044238726338,2034,10
Bitter Gourd,2034-10-22,222.16153,85.57,2.596254873682548,2034,10
Bitter Gourd,2034-10-29,222.16153,85.57,2.596254873682548,2034,10
Bitter Gourd,2034-11-05,221.63205,85.57,2.5900671913117552,2034,11
Bitter Gourd,2034-11-12,221.6093,85.95,2.5783513520192516,2034,11
Bitter Gourd,2034-11-19,221.6093,85.95,2.5783513520192516,2034,11
Bitter Gourd,2034-11-26,221.68423,85.95,2.579223206738111,2034,11
Bitter Gourd,2034-12-03,221.70125,85.95,2.579421153798084,2034,12
Bitter Gourd,2034-12-10,221.77896,86.31,2.569562752654856,2034,12
Bitter Gourd,2034-12-17,221.98138,86.31,2.5719080555827105,2034,12
Bitter Gourd,2034-12-24,221.99472,86.31,2.572062570489913,2034,12
Bitter Gourd,2034-12-31,222.0692,86.31,2.572925484977389,2034,12
