Date,DollarRate,RateChange %
01/03/2010,114.4,0.00%
01/10/2010,114.25,-0.13%
01/17/2010,114.35,0.09%
01/24/2010,114.65,0.26%
01/31/2010,114.7,0.04%
02/07/2010,114.7,0.00%
02/14/2010,114.4,-0.26%
02/21/2010,114.625,0.20%
02/28/2010,114.19,-0.38%
03/07/2010,113.98,-0.18%
03/14/2010,114.05,0.06%
03/21/2010,114.13,0.07%
03/28/2010,113.85,-0.25%
04/04/2010,113.9,0.04%
04/11/2010,114.0,0.09%
04/18/2010,113.89,-0.10%
04/25/2010,113.95,0.05%
05/02/2010,113.75,-0.18%
05/09/2010,113.7,-0.04%
05/16/2010,113.83,0.11%
05/23/2010,113.95,0.11%
05/30/2010,113.6,-0.31%
06/06/2010,113.515,-0.07%
06/13/2010,113.525,0.01%
06/20/2010,113.65,0.11%
06/27/2010,113.385,-0.23%
07/04/2010,113.45,0.06%
07/11/2010,112.75,-0.62%
07/18/2010,112.74,-0.01%
07/25/2010,112.8,0.05%
08/01/2010,112.35,-0.40%
08/08/2010,112.35,0.00%
08/15/2010,112.3,-0.04%
08/22/2010,112.65,0.31%
08/29/2010,112.7,0.04%
09/05/2010,112.41,-0.26%
09/12/2010,112.45,0.04%
09/19/2010,112.01,-0.39%
09/26/2010,111.8,-0.19%
10/03/2010,111.61,-0.17%
10/10/2010,111.8,0.17%
10/17/2010,111.65,-0.13%
10/24/2010,111.65,0.00%
10/31/2010,111.41,-0.21%
11/07/2010,111.65,0.22%
11/14/2010,111.7,0.04%
11/21/2010,111.47,-0.21%
11/28/2010,111.28,-0.17%
12/05/2010,110.915,-0.33%
12/12/2010,111.175,0.23%
12/19/2010,111.15,-0.02%
12/26/2010,110.945,-0.18%
01/02/2011,110.85,-0.09%
01/09/2011,110.76,-0.08%
01/16/2011,111.01,0.23%
01/23/2011,110.76,-0.23%
01/30/2011,110.71,-0.05%
02/06/2011,111.05,0.31%
02/13/2011,110.9,-0.14%
02/20/2011,110.775,-0.11%
02/27/2011,110.365,-0.37%
03/06/2011,110.05,-0.29%
03/13/2011,110.45,0.36%
03/20/2011,110.35,-0.09%
03/27/2011,110.35,0.00%
04/03/2011,110.4,0.05%
04/10/2011,110.4,0.00%
04/17/2011,110.175,-0.20%
04/24/2011,109.9,-0.25%
05/01/2011,109.775,-0.11%
05/08/2011,109.75,-0.02%
05/15/2011,109.81,0.05%
05/22/2011,109.87,0.05%
05/29/2011,109.725,-0.13%
06/05/2011,109.5,-0.21%
06/12/2011,109.55,0.05%
06/19/2011,109.59,0.04%
06/26/2011,109.5,-0.08%
07/03/2011,109.495,0.00%
07/10/2011,109.49,0.00%
07/17/2011,109.45,-0.04%
07/24/2011,109.45,0.00%
07/31/2011,109.705,0.23%
08/07/2011,109.65,-0.05%
08/14/2011,109.95,0.27%
08/21/2011,109.99,0.04%
08/28/2011,110.0,0.01%
09/04/2011,109.97,-0.03%
09/11/2011,109.97,0.00%
09/18/2011,110.3,0.30%
09/25/2011,109.97,-0.30%
10/02/2011,110.2,0.21%
10/09/2011,110.2,0.00%
10/16/2011,109.97,-0.21%
10/23/2011,109.96,-0.01%
10/30/2011,110.16,0.18%
11/06/2011,110.2,0.04%
11/13/2011,110.21,0.01%
11/20/2011,113.83,3.28%
11/27/2011,113.895,0.06%
12/04/2011,113.73,-0.14%
12/11/2011,113.73,0.00%
12/18/2011,113.77,0.04%
12/25/2011,113.9,0.11%
01/01/2012,113.83,-0.06%
01/08/2012,113.83,0.00%
01/15/2012,113.915,0.07%
01/22/2012,113.835,-0.07%
01/29/2012,113.96,0.11%
02/05/2012,114.81,0.75%
02/12/2012,118.25,3.00%
02/19/2012,119.85,1.35%
02/26/2012,121.7,1.54%
03/04/2012,121.06,-0.53%
03/11/2012,125.85,3.96%
03/18/2012,130.1,3.38%
03/25/2012,128.25,-1.42%
04/01/2012,126.15,-1.64%
04/08/2012,128.65,1.98%
04/15/2012,130.01,1.06%
04/22/2012,129.95,-0.05%
04/29/2012,127.41,-1.95%
05/06/2012,127.61,0.16%
05/13/2012,129.51,1.49%
05/20/2012,130.71,0.93%
05/27/2012,130.51,-0.15%
06/03/2012,130.01,-0.38%
06/10/2012,131.51,1.15%
06/17/2012,133.01,1.14%
06/24/2012,133.26,0.19%
07/01/2012,133.45,0.14%
07/08/2012,134.0,0.41%
07/15/2012,131.26,-2.04%
07/22/2012,132.0,0.56%
07/29/2012,131.95,-0.04%
08/05/2012,131.9,-0.04%
08/12/2012,132.375,0.36%
08/19/2012,132.25,-0.09%
08/26/2012,132.375,0.09%
09/02/2012,132.375,0.00%
09/09/2012,132.1,-0.21%
09/16/2012,131.35,-0.57%
09/23/2012,129.425,-1.47%
09/30/2012,128.4,-0.79%
10/07/2012,128.45,0.04%
10/14/2012,129.025,0.45%
10/21/2012,129.8,0.60%
10/28/2012,130.3,0.39%
11/04/2012,130.8,0.38%
11/11/2012,129.95,-0.65%
11/18/2012,130.2,0.19%
11/25/2012,130.15,-0.04%
12/02/2012,128.55,-1.23%
12/09/2012,128.55,0.00%
12/16/2012,127.0,-1.21%
12/23/2012,127.0,0.00%
12/30/2012,127.4,0.31%
01/06/2013,126.25,-0.90%
01/13/2013,126.55,0.24%
01/20/2013,127.15,0.47%
01/27/2013,126.3,-0.67%
02/03/2013,126.3,0.00%
02/10/2013,126.7,0.32%
02/17/2013,127.4,0.55%
02/24/2013,127.43,0.02%
03/03/2013,126.55,-0.69%
03/10/2013,126.15,-0.32%
03/17/2013,126.85,0.55%
03/24/2013,126.75,-0.08%
03/31/2013,125.6,-0.91%
04/07/2013,125.4,-0.16%
04/14/2013,125.96,0.45%
04/21/2013,127.3,1.06%
04/28/2013,126.25,-0.82%
05/05/2013,126.2,-0.04%
05/12/2013,126.3,0.08%
05/19/2013,126.35,0.04%
05/26/2013,126.525,0.14%
06/02/2013,126.35,-0.14%
06/09/2013,128.55,1.74%
06/16/2013,128.85,0.23%
06/23/2013,130.6,1.36%
06/30/2013,130.65,0.04%
07/07/2013,130.85,0.15%
07/14/2013,131.7,0.65%
07/21/2013,131.625,-0.06%
07/28/2013,131.65,0.02%
08/04/2013,131.7,0.04%
08/11/2013,131.75,0.04%
08/18/2013,132.51,0.58%
08/25/2013,132.9,0.29%
09/01/2013,132.91,0.01%
09/08/2013,132.25,-0.50%
09/15/2013,132.2,-0.04%
09/22/2013,132.025,-0.13%
09/29/2013,131.3,-0.55%
10/06/2013,131.075,-0.17%
10/13/2013,131.0,-0.06%
10/20/2013,130.65,-0.27%
10/27/2013,131.025,0.29%
11/03/2013,131.125,0.08%
11/10/2013,131.15,0.02%
11/17/2013,131.15,0.00%
11/24/2013,131.25,0.08%
12/01/2013,130.85,-0.30%
12/08/2013,130.81,-0.03%
12/15/2013,130.7,-0.08%
12/22/2013,130.75,0.04%
12/29/2013,130.7,-0.04%
01/05/2014,130.7,0.00%
01/12/2014,130.7,0.00%
01/19/2014,130.65,-0.04%
01/26/2014,130.75,0.08%
02/02/2014,130.75,0.00%
02/09/2014,130.825,0.06%
02/16/2014,130.95,0.10%
02/23/2014,130.725,-0.17%
03/02/2014,130.575,-0.11%
03/09/2014,130.605,0.02%
03/16/2014,130.625,0.02%
03/23/2014,130.7,0.06%
03/30/2014,130.6,-0.08%
04/06/2014,130.6,0.00%
04/13/2014,130.61,0.01%
04/20/2014,130.615,0.00%
04/27/2014,130.625,0.01%
05/04/2014,130.4,-0.17%
05/11/2014,130.35,-0.04%
05/18/2014,130.4,0.04%
05/25/2014,130.4,0.00%
06/01/2014,130.275,-0.10%
06/08/2014,130.24,-0.03%
06/15/2014,130.29,0.04%
06/22/2014,130.34,0.04%
06/29/2014,130.26,-0.06%
07/06/2014,130.2,-0.05%
07/13/2014,130.255,0.04%
07/20/2014,130.225,-0.02%
07/27/2014,130.225,0.00%
08/03/2014,130.2,-0.02%
08/10/2014,130.175,-0.02%
08/17/2014,130.17,0.00%
08/24/2014,130.23,0.05%
08/31/2014,130.205,-0.02%
09/07/2014,130.265,0.05%
09/14/2014,130.31,0.03%
09/21/2014,130.32,0.01%
09/28/2014,130.355,0.03%
10/05/2014,130.35,0.00%
10/12/2014,130.65,0.23%
10/19/2014,130.85,0.15%
10/26/2014,130.775,-0.06%
11/02/2014,130.9,0.10%
11/09/2014,131.0,0.08%
11/16/2014,131.075,0.06%
11/23/2014,131.15,0.06%
11/30/2014,131.15,0.00%
12/07/2014,131.175,0.02%
12/14/2014,131.2,0.02%
12/21/2014,131.2,0.00%
12/28/2014,131.3,0.08%
01/04/2015,131.5,0.15%
01/11/2015,131.375,-0.10%
01/18/2015,131.875,0.38%
01/25/2015,132.225,0.27%
02/01/2015,133.0,0.59%
02/08/2015,132.9,-0.08%
02/15/2015,133.0,0.08%
02/22/2015,133.15,0.11%
03/01/2015,133.0,-0.11%
03/08/2015,133.05,0.04%
03/15/2015,133.3,0.19%
03/22/2015,133.1,-0.15%
03/29/2015,133.15,0.04%
04/05/2015,133.05,-0.08%
04/12/2015,133.1,0.04%
04/19/2015,133.15,0.04%
04/26/2015,133.3,0.11%
05/03/2015,133.5,0.15%
05/10/2015,133.6,0.07%
05/17/2015,133.75,0.11%
05/24/2015,134.0,0.19%
05/31/2015,134.0,0.00%
06/07/2015,134.2,0.15%
06/14/2015,134.3,0.07%
06/21/2015,133.835,-0.35%
06/28/2015,133.65,-0.14%
07/05/2015,133.655,0.00%
07/12/2015,133.685,0.02%
07/19/2015,133.7,0.01%
07/26/2015,133.78,0.06%
08/02/2015,133.825,0.03%
08/09/2015,134.295,0.35%
08/16/2015,134.09,-0.15%
08/23/2015,134.4,0.23%
08/30/2015,137.75,2.49%
09/06/2015,139.075,0.96%
09/13/2015,140.555,1.06%
09/20/2015,141.0,0.32%
09/27/2015,141.25,0.18%
10/04/2015,141.0,-0.18%
10/11/2015,141.02,0.01%
10/18/2015,141.02,0.00%
10/25/2015,141.105,0.06%
11/01/2015,141.6,0.35%
11/08/2015,142.05,0.32%
11/15/2015,142.205,0.11%
11/22/2015,143.225,0.72%
11/29/2015,142.98,-0.17%
12/06/2015,143.25,0.19%
12/13/2015,143.57,0.22%
12/20/2015,143.7,0.09%
12/27/2015,143.9,0.14%
01/03/2016,143.72,-0.13%
01/10/2016,143.945,0.16%
01/17/2016,144.065,0.08%
01/24/2016,144.26,0.14%
01/31/2016,144.09,-0.12%
02/07/2016,144.25,0.11%
02/14/2016,144.025,-0.16%
02/21/2016,144.65,0.43%
02/28/2016,145.06,0.28%
03/06/2016,144.92,-0.10%
03/13/2016,144.97,0.03%
03/20/2016,147.26,1.58%
03/27/2016,146.185,-0.73%
04/03/2016,144.75,-0.98%
04/10/2016,145.43,0.47%
04/17/2016,146.045,0.42%
04/24/2016,146.18,0.09%
05/01/2016,146.26,0.05%
05/08/2016,146.4,0.10%
05/15/2016,147.105,0.48%
05/22/2016,147.63,0.36%
05/29/2016,147.68,0.03%
06/05/2016,145.0,-1.81%
06/12/2016,144.74,-0.18%
06/19/2016,147.33,1.79%
06/26/2016,145.695,-1.11%
07/03/2016,144.93,-0.53%
07/10/2016,145.78,0.59%
07/17/2016,145.78,0.00%
07/24/2016,145.505,-0.19%
07/31/2016,145.7,0.13%
08/07/2016,145.35,-0.24%
08/14/2016,145.41,0.04%
08/21/2016,145.43,0.01%
08/28/2016,145.51,0.06%
09/04/2016,145.24,-0.19%
09/11/2016,145.63,0.27%
09/18/2016,146.23,0.41%
09/25/2016,146.61,0.26%
10/02/2016,146.745,0.09%
10/09/2016,146.855,0.07%
10/16/2016,147.24,0.26%
10/23/2016,147.86,0.42%
10/30/2016,148.255,0.27%
11/06/2016,147.7,-0.37%
11/13/2016,148.38,0.46%
11/20/2016,148.495,0.08%
11/27/2016,149.0,0.34%
12/04/2016,148.93,-0.05%
12/11/2016,148.93,0.00%
12/18/2016,149.75,0.55%
12/25/2016,149.8,0.03%
01/01/2017,149.94,0.09%
01/08/2017,150.06,0.08%
01/15/2017,150.15,0.06%
01/22/2017,150.28,0.09%
01/29/2017,150.45,0.11%
02/05/2017,150.66,0.14%
02/12/2017,151.04,0.25%
02/19/2017,152.435,0.92%
02/26/2017,152.435,0.00%
03/05/2017,151.46,-0.64%
03/12/2017,152.325,0.57%
03/19/2017,151.75,-0.38%
03/26/2017,152.135,0.25%
04/02/2017,151.735,-0.26%
04/09/2017,151.68,-0.04%
04/16/2017,152.0,0.21%
04/23/2017,151.95,-0.03%
04/30/2017,151.92,-0.02%
05/07/2017,152.4,0.32%
05/14/2017,151.68,-0.47%
05/21/2017,151.63,-0.03%
05/28/2017,151.55,-0.05%
06/04/2017,151.78,0.15%
06/11/2017,152.5,0.47%
06/18/2017,153.1,0.39%
06/25/2017,153.0,-0.07%
07/02/2017,153.25,0.16%
07/09/2017,153.3,0.03%
07/16/2017,153.6,0.20%
07/23/2017,153.4,-0.13%
07/30/2017,153.4,0.00%
08/06/2017,153.0,-0.26%
08/13/2017,153.25,0.16%
08/20/2017,152.9,-0.23%
08/27/2017,152.7,-0.13%
09/03/2017,152.7,0.00%
09/10/2017,152.85,0.10%
09/17/2017,152.7,-0.10%
09/24/2017,152.98,0.18%
10/01/2017,153.2,0.14%
10/08/2017,153.7,0.33%
10/15/2017,153.65,-0.03%
10/22/2017,153.5,-0.10%
10/29/2017,153.55,0.03%
11/05/2017,153.55,0.00%
11/12/2017,153.6,0.03%
11/19/2017,153.7,0.07%
11/26/2017,153.55,-0.10%
12/03/2017,153.1,-0.29%
12/10/2017,153.1,0.00%
12/17/2017,152.85,-0.16%
12/24/2017,153.4,0.36%
12/31/2017,153.45,0.03%
01/07/2018,153.9,0.29%
01/14/2018,153.8,-0.06%
01/21/2018,153.65,-0.10%
01/28/2018,154.2,0.36%
02/04/2018,154.3,0.06%
02/11/2018,155.1,0.52%
02/18/2018,155.1,0.00%
02/25/2018,155.15,0.03%
03/04/2018,155.4,0.16%
03/11/2018,155.95,0.35%
03/18/2018,156.1,0.10%
03/25/2018,155.6,-0.32%
04/01/2018,155.4,-0.13%
04/08/2018,155.6,0.13%
04/15/2018,156.3,0.45%
04/22/2018,157.6,0.83%
04/29/2018,157.43,-0.11%
05/06/2018,157.7,0.17%
05/13/2018,157.65,-0.03%
05/20/2018,157.9,0.16%
05/27/2018,158.55,0.41%
06/03/2018,159.0,0.28%
06/10/2018,159.5,0.31%
06/17/2018,158.9,-0.38%
06/24/2018,158.2,-0.44%
07/01/2018,159.1,0.57%
07/08/2018,159.45,0.22%
07/15/2018,159.85,0.25%
07/22/2018,159.5,-0.22%
07/29/2018,159.7,0.13%
08/05/2018,159.85,0.09%
08/12/2018,160.35,0.31%
08/19/2018,160.9,0.34%
08/26/2018,161.4,0.31%
09/02/2018,161.95,0.34%
09/09/2018,163.6,1.02%
09/16/2018,168.6,3.06%
09/23/2018,169.0,0.24%
09/30/2018,170.2,0.71%
10/07/2018,169.5,-0.41%
10/14/2018,171.6,1.24%
10/21/2018,172.6,0.58%
10/28/2018,174.1,0.87%
11/04/2018,174.9,0.46%
11/11/2018,176.5,0.91%
11/18/2018,179.4,1.64%
11/25/2018,178.5,-0.50%
12/02/2018,178.4,-0.06%
12/09/2018,179.6,0.67%
12/16/2018,181.0,0.78%
12/23/2018,182.7,0.94%
12/30/2018,182.5,-0.11%
01/06/2019,181.8,-0.38%
01/13/2019,181.4,-0.22%
01/20/2019,181.5,0.06%
01/27/2019,176.4,-2.81%
02/03/2019,177.5,0.62%
02/10/2019,178.5,0.56%
02/17/2019,179.3,0.45%
02/24/2019,179.6,0.17%
03/03/2019,178.4,-0.67%
03/10/2019,178.4,0.00%
03/17/2019,177.95,-0.25%
03/24/2019,175.35,-1.46%
03/31/2019,174.7,-0.37%
04/07/2019,174.5,-0.11%
04/14/2019,173.95,-0.32%
04/21/2019,175.2,0.72%
04/28/2019,177.15,1.11%
05/05/2019,176.1,-0.59%
05/12/2019,175.6,-0.28%
05/19/2019,176.35,0.43%
05/26/2019,176.2,-0.09%
06/02/2019,176.25,0.03%
06/09/2019,176.55,0.17%
06/16/2019,176.55,0.00%
06/23/2019,176.4,-0.08%
06/30/2019,176.05,-0.20%
07/07/2019,175.4,-0.37%
07/14/2019,175.75,0.20%
07/21/2019,176.1,0.20%
07/28/2019,176.6,0.28%
08/04/2019,176.75,0.08%
08/11/2019,177.1,0.20%
08/18/2019,179.8,1.52%
08/25/2019,179.2,-0.33%
09/01/2019,180.8,0.89%
09/08/2019,180.25,-0.30%
09/15/2019,181.1,0.47%
09/22/2019,181.8,0.39%
09/29/2019,181.35,-0.25%
10/06/2019,180.65,-0.39%
10/13/2019,181.9,0.69%
10/20/2019,181.2,-0.38%
10/27/2019,181.1,-0.06%
11/03/2019,180.5,-0.33%
11/10/2019,180.1,-0.22%
11/17/2019,180.0,-0.06%
11/24/2019,180.85,0.47%
12/01/2019,181.1,0.14%
12/08/2019,181.0,-0.06%
12/15/2019,181.0,0.00%
12/22/2019,181.35,0.19%
12/29/2019,181.2,-0.08%
01/05/2020,181.3,0.06%
01/12/2020,181.15,-0.08%
01/19/2020,181.5,0.19%
01/26/2020,181.35,-0.08%
02/02/2020,181.35,0.00%
02/09/2020,181.35,0.00%
02/16/2020,181.55,0.11%
02/23/2020,181.85,0.17%
03/01/2020,181.85,0.00%
03/08/2020,184.25,1.32%
03/15/2020,187.0,1.49%
03/22/2020,188.0,0.53%
03/29/2020,190.0,1.06%
04/05/2020,190.5,0.26%
04/12/2020,191.5,0.52%
04/19/2020,192.0,0.26%
04/26/2020,190.0,-1.04%
05/03/2020,186.0,-2.11%
05/10/2020,187.8,0.97%
05/17/2020,185.5,-1.22%
05/24/2020,186.2,0.38%
05/31/2020,185.4,-0.43%
06/07/2020,185.2,-0.11%
06/14/2020,186.55,0.73%
06/21/2020,186.1,-0.24%
06/28/2020,185.8,-0.16%
07/05/2020,185.75,-0.03%
07/12/2020,185.7,-0.03%
07/19/2020,185.75,0.03%
07/26/2020,185.55,-0.11%
08/02/2020,185.2,-0.19%
08/09/2020,183.5,-0.92%
08/16/2020,184.5,0.54%
08/23/2020,186.3,0.98%
08/30/2020,185.05,-0.67%
09/06/2020,184.45,-0.32%
09/13/2020,185.45,0.54%
09/20/2020,185.2,-0.13%
09/27/2020,184.4,-0.43%
10/04/2020,184.2,-0.11%
10/11/2020,184.2,0.00%
10/18/2020,184.3,0.05%
10/25/2020,184.25,-0.03%
11/01/2020,184.45,0.11%
11/08/2020,184.6,0.08%
11/15/2020,185.0,0.22%
11/22/2020,185.15,0.08%
11/29/2020,185.5,0.19%
12/06/2020,186.4,0.49%
12/13/2020,187.5,0.59%
12/20/2020,189.6,1.12%
12/27/2020,186.0,-1.90%
01/03/2021,187.0,0.54%
01/10/2021,192.5,2.94%
01/17/2021,197.0,2.34%
01/24/2021,190.5,-3.30%
01/31/2021,193.0,1.31%
02/07/2021,193.5,0.26%
02/14/2021,195.0,0.78%
02/21/2021,194.0,-0.51%
02/28/2021,195.5,0.77%
03/07/2021,196.0,0.26%
03/14/2021,197.0,0.51%
03/21/2021,198.5,0.76%
03/28/2021,199.0,0.25%
04/04/2021,200.75,0.88%
04/11/2021,192.0,-4.36%
04/18/2021,194.5,1.30%
04/25/2021,197.0,1.29%
05/02/2021,196.0,-0.51%
05/09/2021,196.0,0.00%
05/16/2021,196.0,0.00%
05/23/2021,197.5,0.77%
05/30/2021,197.0,-0.25%
06/06/2021,197.0,0.00%
06/13/2021,198.0,0.51%
06/20/2021,198.5,0.25%
06/27/2021,199.0,0.25%
07/04/2021,198.7,-0.15%
07/11/2021,199.0,0.15%
07/18/2021,199.0,0.00%
07/25/2021,199.0,0.00%
08/01/2021,199.0,0.00%
08/08/2021,199.5,0.25%
08/15/2021,199.0,-0.25%
08/22/2021,200.0,0.50%
08/29/2021,200.0,0.00%
09/05/2021,200.0,0.00%
09/12/2021,199.0,-0.50%
09/19/2021,199.0,0.00%
09/26/2021,199.0,0.00%
10/03/2021,199.0,0.00%
10/10/2021,201.0,1.01%
10/17/2021,200.0,-0.50%
10/24/2021,200.0,0.00%
10/31/2021,200.0,0.00%
11/07/2021,201.0,0.50%
11/14/2021,201.0,0.00%
11/21/2021,202.0,0.50%
11/28/2021,201.0,-0.50%
12/05/2021,202.0,0.50%
12/12/2021,201.0,-0.50%
12/19/2021,202.0,0.50%
12/26/2021,202.75,0.37%
01/02/2022,202.75,0.00%
01/09/2022,202.75,0.00%
01/16/2022,202.0,-0.37%
01/23/2022,201.0,-0.50%
01/30/2022,202.43,0.71%
02/06/2022,202.0,-0.21%
02/13/2022,202.0,0.00%
02/20/2022,202.0,0.00%
02/27/2022,200.0,-0.99%
03/06/2022,255.0,27.50%
03/13/2022,277.5,8.82%
03/20/2022,292.5,5.41%
03/27/2022,294.5,0.68%
04/03/2022,315.0,6.96%
04/10/2022,322.285,2.31%
04/17/2022,335.0,3.95%
04/24/2022,355.0,5.97%
05/01/2022,360.0,1.41%
05/08/2022,360.0,0.00%
05/15/2022,359.75,-0.07%
05/22/2022,362.0,0.63%
05/29/2022,356.0,-1.66%
06/05/2022,360.0,1.12%
06/12/2022,362.0,0.56%
06/19/2022,357.0,-1.38%
06/26/2022,356.0,-0.28%
07/03/2022,364.75,2.46%
07/10/2022,360.0,-1.30%
07/17/2022,360.0,0.00%
07/24/2022,357.0,-0.83%
07/31/2022,357.0,0.00%
08/07/2022,360.0,0.84%
08/14/2022,360.0,0.00%
08/21/2022,357.0,-0.83%
08/28/2022,360.0,0.84%
09/04/2022,360.0,0.00%
09/11/2022,365.375,1.49%
09/18/2022,364.0,-0.38%
09/25/2022,365.5,0.41%
10/02/2022,366.0,0.14%
10/09/2022,363.0,-0.82%
10/16/2022,367.0,1.10%
10/23/2022,363.0,-1.09%
10/30/2022,362.0,-0.28%
11/06/2022,367.5,1.52%
11/13/2022,367.5,0.00%
11/20/2022,367.5,0.00%
11/27/2022,368.5,0.27%
12/04/2022,367.5,-0.27%
12/11/2022,367.5,0.00%
12/18/2022,363.0,-1.22%
12/25/2022,367.5,1.24%
01/01/2023,363.0,-1.22%
01/08/2023,366.0,0.83%
01/15/2023,366.0,0.00%
01/22/2023,362.0,-1.09%
01/29/2023,365.0,0.83%
02/05/2023,365.0,0.00%
02/12/2023,365.5,0.14%
02/19/2023,365.0,-0.14%
02/26/2023,339.5,-6.99%
03/05/2023,320.0,-5.74%
03/12/2023,336.0,5.00%
03/19/2023,320.0,-4.76%
03/26/2023,324.0,1.25%
04/02/2023,320.0,-1.23%
04/09/2023,319.0,-0.31%
04/16/2023,318.0,-0.31%
04/23/2023,320.0,0.63%
04/30/2023,319.0,-0.31%
05/07/2023,312.0,-2.19%
05/14/2023,306.5,-1.76%
05/21/2023,297.0,-3.10%
05/28/2023,290.0,-2.36%
06/04/2023,295.5,1.90%
06/11/2023,307.5,4.06%
06/18/2023,307.5,0.00%
06/25/2023,307.5,0.00%
07/02/2023,309.0,0.49%
07/09/2023,318.0,2.91%
07/16/2023,326.5,2.67%
07/23/2023,328.0,0.46%
07/30/2023,320.0,-2.44%
08/06/2023,319.0,-0.31%
08/13/2023,323.0,1.25%
08/20/2023,323.0,0.00%
08/27/2023,318.5,-1.39%
09/03/2023,321.0,0.78%
09/10/2023,322.75,0.55%
09/17/2023,324.0,0.39%
09/24/2023,323.75,-0.08%
10/01/2023,323.75,0.00%
10/08/2023,323.25,-0.15%
10/15/2023,325.5,0.70%
10/22/2023,327.3,0.55%
10/29/2023,328.5,0.37%
11/05/2023,326.75,-0.53%
11/12/2023,327.5,0.23%
11/19/2023,328.2,0.21%
11/26/2023,327.75,-0.14%
12/03/2023,326.75,-0.31%
12/10/2023,326.85,0.03%
12/17/2023,325.3,-0.47%
12/24/2023,323.8,-0.46%
12/31/2023,322.5,-0.40%
01/07/2024,322.0,-0.16%
01/14/2024,320.1,-0.59%
01/21/2024,317.5,-0.81%
01/28/2024,311.5,-1.89%
02/04/2024,312.6,0.35%
02/11/2024,312.2,-0.13%
02/18/2024,310.7,-0.48%
02/25/2024,308.7,-0.64%
03/03/2024,307.25,-0.47%
03/10/2024,305.15,-0.68%
03/17/2024,303.2,-0.64%
03/24/2024,300.3,-0.96%
03/31/2024,299.2,-0.37%
04/07/2024,298.4,-0.27%
04/14/2024,301.0,0.87%
04/21/2024,295.9,-1.69%
04/28/2024,297.0,0.37%
05/05/2024,298.5,0.51%
05/12/2024,299.3,0.27%
05/19/2024,299.9,0.20%
05/26/2024,301.8,0.63%
06/02/2024,302.5,0.23%
06/09/2024,303.8,0.43%
06/16/2024,305.1,0.43%
06/23/2024,305.9,0.26%
06/30/2024,304.5,-0.46%
07/07/2024,301.65,-0.94%
07/14/2024,303.5,0.61%
07/21/2024,302.9,-0.20%
07/28/2024,301.8,-0.36%
08/04/2024,299.95,-0.61%
08/11/2024,298.7,-0.42%
08/18/2024,299.7,0.33%
08/25/2024,299.0,-0.23%
09/01/2024,298.9,-0.03%
09/08/2024,301.5,0.87%
09/15/2024,305.0,1.16%
09/22/2024,298.7,-2.07%
09/29/2024,293.8,-1.64%
10/06/2024,292.7,-0.37%
10/13/2024,292.9,0.07%
10/20/2024,293.4,0.17%
10/27/2024,292.9,-0.17%
11/03/2024,292.5,-0.14%
11/10/2024,292.1,-0.14%
11/17/2024,291.0,-0.38%
11/24/2024,290.6,-0.14%
12/01/2024,290.25,-0.12%
12/08/2024,290.15,-0.03%
12/15/2024,293.5,1.15%
12/22/2024,292.0,-0.51%
12/29/2024,293.5,0.51%
01/05/2025,294.4,0.31%
01/12/2025,296.3,0.65%
01/19/2025,298.1,0.61%
01/26/2025,297.8,-0.10%
02/02/2025,297.1,-0.24%
02/09/2025,295.5,-0.54%
02/16/2025,295.5,0.00%
02/23/2025,295.2,-0.10%
03/02/2025,295.4,0.07%
03/09/2025,296.3,0.30%
03/16/2025,296.3,0.00%
03/23/2025,296.15,-0.05%
03/30/2025,296.6,0.15%
04/06/2025,298.1,0.51%
04/13/2025,299.025,0.31%
04/20/2025,299.6,0.19%
04/27/2025,299.5,-0.03%
05/04/2025,298.85,-0.22%
05/11/2025,299.15,0.10%
05/18/2025,299.4,0.08%
05/25/2025,299.45,0.02%
06/01/2025,299.05,-0.13%
06/08/2025,299.85,0.27%
06/15/2025,300.5,0.22%
06/22/2025,299.85,-0.22%
06/29/2025,300.025,0.06%
07/06/2025,300.65,0.21%
07/13/2025,301.65,0.33%
07/20/2025,301.85,0.07%
07/27/2025,301.225,-0.21%
08/03/2025,300.7,-0.17%
08/10/2025,301.03,0.11%
08/17/2025,301.9,0.29%
08/24/2025,302.05,0.05%
08/31/2025,301.95,-0.03%
09/07/2025,301.8,-0.05%
09/14/2025,302.4,0.20%
09/21/2025,302.55,0.05%
09/28/2025,302.4,-0.05%
10/05/2025,302.6,0.07%
10/12/2025,302.8,0.07%
10/19/2025,303.675,0.29%
10/26/2025,304.45,0.26%
11/02/2025,304.8,0.11%
11/09/2025,306.725,0.63%
11/16/2025,307.8,0.35%
11/23/2025,308.175,0.12%
11/30/2025,308.45,0.09%
12/07/2025,309.0,0.18%
12/14/2025,309.55,0.18%
12/21/2025,309.6,0.02%
12/28/2025,309.75,0.05%
01/04/2026,309.15,-0.19%
01/11/2026,309.8,0.21%
01/18/2026,309.8,0.00%
01/25/2026,309.25,-0.18%
02/01/2026,309.375,0.04%
02/08/2026,309.225,-0.05%
02/15/2026,309.4,0.06%
02/22/2026,309.15,-0.08%
03/01/2026,309.39,0.08%
03/08/2026,312.84,1.12%
